"STATION","DATE","LATITUDE","LONGITUDE","ELEVATION","NAME","CLDD","CLDD_ATTRIBUTES","DP01","DP01_ATTRIBUTES","DP10","DP10_ATTRIBUTES","DP1X","DP1X_ATTRIBUTES","DSND","DSND_ATTRIBUTES","DT00","DT00_ATTRIBUTES","DT32","DT32_ATTRIBUTES","DX32","DX32_ATTRIBUTES","DX70","DX70_ATTRIBUTES","DX90","DX90_ATTRIBUTES","DYNT","DYNT_ATTRIBUTES","DYSD","DYSD_ATTRIBUTES","DYXP","DYXP_ATTRIBUTES","DYXT","DYXT_ATTRIBUTES","EMNT","EMNT_ATTRIBUTES","EMSD","EMSD_ATTRIBUTES","EMXP","EMXP_ATTRIBUTES","EMXT","EMXT_ATTRIBUTES","HTDD","HTDD_ATTRIBUTES","PRCP","PRCP_ATTRIBUTES","TAVG","TAVG_ATTRIBUTES","TMAX","TMAX_ATTRIBUTES","TMIN","TMIN_ATTRIBUTES"
"AYM00089056","1985-08","-62.183","-58.983","48.0","CENTRO MET. ANTARTICO PDTE. E, AY","","","23",",S","4",",S","0",",S","","","","","","","","","","","","","","","","","19850827",",,S","","","","","","","7.9",",,S,27,","","","","","40.3",",,,S","","","","","",""
"AYM00089056","1985-09","-62.183","-58.983","48.0","CENTRO MET. ANTARTICO PDTE. E, AY","","","24",",S","9",",S","0",",S","","","","","","","","","","","","","","","","","19850924",",,S","","","","","","","11.9",",,S,24,","","","","","70.2",",,,S","","","","","",""
"AYM00089056","1985-10","-62.183","-58.983","48.0","CENTRO MET. ANTARTICO PDTE. E, AY","","","22","2,S","5","2,S","0","2,S","","","","","","","","","","","","","","","","","19851011","+,2,S","","","","","","","10.9","2,,S,11,+","","","","","54.5","2,,,S","","","","","",""
"AYM00089056","1985-11","-62.183","-58.983","48.0","CENTRO MET. ANTARTICO PDTE. E, AY","","","23","1,S","6","1,S","0","1,S","","","","","","","","","","","","","","","","","19851124",",1,S","","","","","","","7.1","1,,S,24,","","","","","39.4","1,,,S","","","","","",""
"AYM00089056","1985-12","-62.183","-58.983","48.0","CENTRO MET. ANTARTICO PDTE. E, AY","","","18","2,S","9","2,S","0","2,S","","","","","","","","","","","","","","","","","19851207",",2,S","","","","","","","22.1","2,,S,07,","","","","","90.1","2,,,S","","","","","",""
"AYM00089056","1986-01","-62.183","-58.983","48.0","CENTRO MET. ANTARTICO PDTE. E, AY","","","18","3,S","9","3,S","0","3,S","","","","","","","","","","","","","","","","","19860102",",3,S","","","","","","","13.0","3,,S,02,","","","","","59.7","3,,,S","","","","","",""
"AYM00089056","1986-02","-62.183","-58.983","48.0","CENTRO MET. ANTARTICO PDTE. E, AY","","","19","2,S","6","2,S","0","2,S","","","","","","","","","","","","","","","","","19860216",",2,S","","","","","","","9.9","2,,S,16,","","","","","50.7","2,,,S","","","","","",""
"AYM00089056","1986-03","-62.183","-58.983","48.0","CENTRO MET. ANTARTICO PDTE. E, AY","","","","","","","","","","","0","5,S","17","5,S","","","","","","","19860301",",5,S","","","","","","","-3.1","5,S,01,","","","","","","","","","","","","","","","-0.48","5,,,S"
"AYM00089056","1986-04","-62.183","-58.983","48.0","CENTRO MET. ANTARTICO PDTE. E, AY","","","20","2,S","9","2,S","0","2,S","","","","","","","","","","","","","","","","","19860430","+,2,S","","","","","","","9.9","2,,S,30,+","","","","","63.5","2,,,S","","","","","",""
"AYM00089056","1986-06","-62.183","-58.983","48.0","CENTRO MET. ANTARTICO PDTE. E, AY","","","17","3,S","1","3,S","0","3,S","","","","","","","","","","","","","","","","","19860629",",3,S","","","","","","","4.1","3,,S,29,","","","","","13.3","3,,,S","","","","","",""
"AYM00089056","1986-07","-62.183","-58.983","48.0","CENTRO MET. ANTARTICO PDTE. E, AY","","","21","4,S","6","4,S","0","4,S","","","","","","","","","","","","","","","","","19860709",",4,S","","","","","","","7.9","4,,S,09,","","","","","39.6","4,,,S","","","","","",""
"AYM00089056","1986-08","-62.183","-58.983","48.0","CENTRO MET. ANTARTICO PDTE. E, AY","","","21","1,S","3","1,S","0","1,S","","","","","","","","","","","","","","","","","19860822",",1,S","","","","","","","4.1","1,,S,22,","","","","","21.0","1,,,S","","","","","",""
"AYM00089056","1986-09","-62.183","-58.983","48.0","CENTRO MET. ANTARTICO PDTE. E, AY","","","18","1,S","5","1,S","0","1,S","","","","","","","","","","","","","","","","","19860906","+,1,S","","","","","","","4.1","1,,S,06,+","","","","","27.9","1,,,S","","","","","",""
"AYM00089056","1986-10","-62.183","-58.983","48.0","CENTRO MET. ANTARTICO PDTE. E, AY","","","15","2,S","7","2,S","0","2,S","","","","","","","","","","","","","","","","","19861010",",2,S","","","","","","","13.0","2,,S,10,","","","","","41.7","2,,,S","","","","","",""
"AYM00089056","1986-11","-62.183","-58.983","48.0","CENTRO MET. ANTARTICO PDTE. E, AY","","","15","4,S","5","4,S","0","4,S","","","","","","","","","","","","","","","","","19861119",",4,S","","","","","","","7.1","4,,S,19,","","","","","32.4","4,,,S","","","","","",""
"AYM00089056","1987-02","-62.183","-58.983","48.0","CENTRO MET. ANTARTICO PDTE. E, AY","","","","","","","","","","","0","3,S","17","3,S","","","","","","","19870224",",3,S","","","","","","","-2.5","3,S,24,","","","","","","","","","","","","","","","-0.42","3,,,S"
"AYM00089056","1987-03","-62.183","-58.983","48.0","CENTRO MET. ANTARTICO PDTE. E, AY","","","18","3,S","8","3,S","0","3,S","","","","","","","","","","","","","","","","","19870328",",3,S","","","","","","","11.9","3,,S,28,","","","","","58.7","3,,,S","","","","","",""
"AYM00089056","1987-04","-62.183","-58.983","48.0","CENTRO MET. ANTARTICO PDTE. E, AY","","","14","2,S","7","2,S","0","2,S","","","","","","","","","","","","","","","","","19870428",",2,S","","","","","","","18.0","2,,S,28,","","","","","46.8","2,,,S","","","","","",""
"AYM00089056","1987-07","-62.183","-58.983","48.0","CENTRO MET. ANTARTICO PDTE. E, AY","","","6","4,S","0","4,S","0","4,S","","","","","","","","","","","","","","","","","19870721","+,4,S","","","","","","","1.0","4,,S,21,+","","","","","4.1","4,,,S","","","","","",""
"AYM00089056","1987-08","-62.183","-58.983","48.0","CENTRO MET. ANTARTICO PDTE. E, AY","","","10","3,S","2","3,S","0","3,S","","","3","2,S","29","2,S","","","","","","","19870803",",2,S","","","19870809",",3,S","","","-18.9","2,S,03,","","","6.1","3,,S,09,","","","","","16.1","3,,,S","","","","","-8.21","2,,,S"
"AYM00089056","1987-09","-62.183","-58.983","48.0","CENTRO MET. ANTARTICO PDTE. E, AY","","","14","2,S","1","2,S","0","2,S","","","","","","","","","","","","","","","","","19870904",",2,S","","","","","","","6.1","2,,S,04,","","","","","14.6","2,,,S","","","","","",""
"AYM00089056","1987-11","-62.183","-58.983","48.0","CENTRO MET. ANTARTICO PDTE. E, AY","","","21","2,S","6","2,S","0","2,S","","","0","3,S","27","3,S","","","","","","","19871109",",3,S","","","19871107",",2,S","","","-5.1","3,S,09,","","","10.9","2,,S,07,","","","","","50.0","2,,,S","","","","","-1.71","3,,,S"
"AYM00089056","1987-12","-62.183","-58.983","48.0","CENTRO MET. ANTARTICO PDTE. E, AY","","","20","3,S","8","3,S","0","3,S","","","0","4,S","16","4,S","","","","","","","19871211",",4,S","","","19871208",",3,S","","","-3.3","4,S,11,","","","8.9","3,,S,08,","","","","","50.1","3,,,S","","","","","-0.41","4,,,S"
"AYM00089056","1988-01","-62.183","-58.983","48.0","CENTRO MET. ANTARTICO PDTE. E, AY","","","","","","","","","","","0","4,S","19","4,S","","","","","","","19880130",",4,S","","","","","","","-1.6","4,S,30,","","","","","","","","","","","","","","","-0.16","4,,,S"
"AYM00089056","1988-02","-62.183","-58.983","48.0","CENTRO MET. ANTARTICO PDTE. E, AY","","","15","3,S","8","3,S","0","3,S","","","0","1,S","4","1,S","0","5,S","0","5,S","0","5,S","19880208",",1,S","","","19880222",",3,S","19880222",",5,S","-0.5","1,S,08,","","","9.9","3,,S,22,","5.8","5,S,22,","","","53.0","3,,,S","2.64","6,S","4.14","5,,,S","1.14","1,,,S"
"AYM00089056","1988-03","-62.183","-58.983","48.0","CENTRO MET. ANTARTICO PDTE. E, AY","","","17","1,S","6","1,S","0","1,S","","","","","","","","","","","","","","","","","19880317","+,1,S","","","","","","","7.1","1,,S,17,+","","","","","43.8","1,,,S","","","","","",""
"AYM00089056","1988-04","-62.183","-58.983","48.0","CENTRO MET. ANTARTICO PDTE. E, AY","","","16","3,S","4","3,S","0","3,S","","","","","","","","","","","","","","","","","19880419",",3,S","","","","","","","14.0","3,,S,19,","","","","","42.8","3,,,S","","","","","",""
"AYM00089056","1988-07","-62.183","-58.983","48.0","CENTRO MET. ANTARTICO PDTE. E, AY","","","18","2,S","4","2,S","0","2,S","","","","","","","","","","","","","","","","","19880701",",2,S","","","","","","","15.0","2,,S,01,","","","","","38.3","2,,,S","","","","","",""
"AYM00089056","1988-09","-62.183","-58.983","48.0","CENTRO MET. ANTARTICO PDTE. E, AY","","","17","2,S","3","2,S","0","2,S","","","","","","","","","","","","","","","","","19880925",",2,S","","","","","","","4.1","2,,S,25,","","","","","20.9","2,,,S","","","","","",""
"AYM00089056","1988-11","-62.183","-58.983","48.0","CENTRO MET. ANTARTICO PDTE. E, AY","","","14","3,S","4","3,S","0","3,S","","","0","5,S","25","5,S","","","","","","","19881114",",5,S","","","19881119",",3,S","","","-6.8","5,S,14,","","","9.9","3,,S,19,","","","","","33.1","3,,,S","","","","","-3.17","5,,,S"
"AYM00089056","1988-12","-62.183","-58.983","48.0","CENTRO MET. ANTARTICO PDTE. E, AY","","","","","","","","","","","0","1,S","27","1,S","","","","","","","19881202",",1,S","","","","","","","-4.8","1,S,02,","","","","","","","","","","","","","","","-1.55","1,,,S"
"AYM00089056","1989-02","-62.183","-58.983","48.0","CENTRO MET. ANTARTICO PDTE. E, AY","","","16","2,S","10","2,S","2","2,S","","","","","","","","","","","","","","","","","19890220",",2,S","","","","","","","35.1","2,,S,20,","","","","","133.7","2,,,S","","","","","",""
"AYM00089056","1989-03","-62.183","-58.983","48.0","CENTRO MET. ANTARTICO PDTE. E, AY","","","23","2,S","12","2,S","0","2,S","","","","","","","","","","","","","","","","","19890328",",2,S","","","","","","","17.0","2,,S,28,","","","","","89.7","2,,,S","","","","","",""
"AYM00089056","1989-04","-62.183","-58.983","48.0","CENTRO MET. ANTARTICO PDTE. E, AY","","","13","4,S","3","4,S","0","4,S","","","","","","","","","","","","","","","","","19890417",",4,S","","","","","","","8.9","4,,S,17,","","","","","29.2","4,,,S","","","","","",""
"AYM00089056","1989-05","-62.183","-58.983","48.0","CENTRO MET. ANTARTICO PDTE. E, AY","","","20","4,S","4","4,S","0","4,S","","","0","4,S","26","4,S","","","","","","","19890511",",4,S","","","19890504",",4,S","","","-13.2","4,S,11,","","","9.9","4,,S,04,","","","","","40.3","4,,,S","","","","","-3.14","4,,,S"
"AYM00089056","1989-06","-62.183","-58.983","48.0","CENTRO MET. ANTARTICO PDTE. E, AY","","","17","2,S","9","2,S","0","2,S","","","","","","","10","4,S","0","4,S","0","4,S","","","","","19890621","+,2,S","19890621",",4,S","","","","","7.9","2,,S,21,+","3.1","4,S,21,","","","52.4","2,,,S","","","0.08","4,,,S","",""
"AYM00089056","1989-07","-62.183","-58.983","48.0","CENTRO MET. ANTARTICO PDTE. E, AY","","","21","1,S","10","1,S","0","1,S","","","","","","","","","","","","","","","","","19890706",",1,S","","","","","","","7.9","1,,S,06,","","","","","53.3","1,,,S","","","","","",""
"AYM00089056","1989-08","-62.183","-58.983","48.0","CENTRO MET. ANTARTICO PDTE. E, AY","","","17","3,S","4","3,S","0","3,S","","","0","4,S","27","4,S","","","","","","","19890819",",4,S","","","19890827",",3,S","","","-8.9","4,S,19,","","","10.9","3,,S,27,","","","","","38.8","3,,,S","","","","","-3.95","4,,,S"
"AYM00089056","1989-09","-62.183","-58.983","48.0","CENTRO MET. ANTARTICO PDTE. E, AY","","","23","1,S","12","1,S","0","1,S","","","0","3,S","27","3,S","","","","","","","19890909",",3,S","","","19890918",",1,S","","","-10.7","3,S,09,","","","9.9","1,,S,18,","","","","","69.3","1,,,S","","","","","-4.63","3,,,S"
"AYM00089056","1989-10","-62.183","-58.983","48.0","CENTRO MET. ANTARTICO PDTE. E, AY","","","18","1,S","9","1,S","0","1,S","","","0","4,S","27","4,S","","","","","","","19891022",",4,S","","","19891031","+,1,S","","","-5.8","4,S,22,","","","7.1","1,,S,31,+","","","","","60.1","1,,,S","","","","","-2.24","4,,,S"
"AYM00089056","1989-11","-62.183","-58.983","48.0","CENTRO MET. ANTARTICO PDTE. E, AY","","","","","","","","","","","0","4,S","22","4,S","","","","","","","19891105",",4,S","","","","","","","-8.9","4,S,05,","","","","","","","","","","","","","","","-1.60","4,,,S"
"AYM00089056","1989-12","-62.183","-58.983","48.0","CENTRO MET. ANTARTICO PDTE. E, AY","","","","","","","","","","","0","4,S","14","4,S","","","","","","","19891204",",4,S","","","","","","","-3.3","4,S,04,","","","","","","","","","","","","","","","-0.13","4,,,S"
"AYM00089056","1990-02","-62.183","-58.983","48.0","CENTRO MET. ANTARTICO PDTE. E, AY","","","","","","","","","","","0","2,S","5","2,S","","","","","","","19900221","+,2,S","","","","","","","-1.4","2,S,21,+","","","","","","","","","","","","","","","1.31","2,,,S"
"AYM00089056","1990-10","-62.183","-58.983","48.0","CENTRO MET. ANTARTICO PDTE. E, AY","","","","","","","","","","","0","3,S","28","3,S","","","","","","","19901014",",3,S","","","","","","","-9.1","3,S,14,","","","","","","","","","","","","","","","-4.50","3,,,S"
"AYM00089056","1990-11","-62.183","-58.983","48.0","CENTRO MET. ANTARTICO PDTE. E, AY","","","","","","","","","","","0","2,S","27","2,S","","","","","","","19901117",",2,S","","","","","","","-6.7","2,S,17,","","","","","","","","","","","","","","","-2.82","2,,,S"
"AYM00089056","1990-12","-62.183","-58.983","48.0","CENTRO MET. ANTARTICO PDTE. E, AY","","","","","","","","","","","0","3,S","21","3,S","","","","","","","19901202",",3,S","","","","","","","-5.3","3,S,02,","","","","","","","","","","","","","","","-1.18","3,,,S"
"AYM00089056","1991-01","-62.183","-58.983","48.0","CENTRO MET. ANTARTICO PDTE. E, AY","","","","","","","","","","","0","3,S","8","3,S","","","","","","","19910102",",3,S","","","","","","","-1.5","3,S,02,","","","","","","","","","","","","","","","0.64","3,,,S"
"AYM00089056","1991-03","-62.183","-58.983","48.0","CENTRO MET. ANTARTICO PDTE. E, AY","","","","","","","","","","","0","5,S","22","5,S","","","","","","","19910323",",5,S","","","","","","","-5.8","5,S,23,","","","","","","","","","","","","","","","-1.95","5,,,S"
"AYM00089056","1991-09","-62.183","-58.983","48.0","CENTRO MET. ANTARTICO PDTE. E, AY","","","","","","","","","","","0","4,S","25","4,S","","","","","","","19910917",",4,S","","","","","","","-11.8","4,S,17,","","","","","","","","","","","","","","","-5.74","4,,,S"
"AYM00089056","1991-10","-62.183","-58.983","48.0","CENTRO MET. ANTARTICO PDTE. E, AY","","","","","","","","","","","0","5,S","26","5,S","","","","","","","19911001",",5,S","","","","","","","-15.1","5,S,01,","","","","","","","","","","","","","","","-7.03","5,,,S"
"AYM00089056","1991-11","-62.183","-58.983","48.0","CENTRO MET. ANTARTICO PDTE. E, AY","","","","","","","","","","","0","5,S","25","5,S","","","","","","","19911124",",5,S","","","","","","","-5.9","5,S,24,","","","","","","","","","","","","","","","-2.64","5,,,S"
"AYM00089056","1992-12","-62.183","-58.983","48.0","CENTRO MET. ANTARTICO PDTE. E, AY","","","","","","","","","","","0","3,S","8","3,S","","","","","","","19921205",",3,S","","","","","","","-0.6","3,S,05,","","","","","","","","","","","","","","","0.64","3,,,S"
"AYM00089056","1993-07","-62.183","-58.983","48.0","CENTRO MET. ANTARTICO PDTE. E, AY","","","","","","","","","","","0","5,S","26","5,S","","","","","","","19930701",",5,S","","","","","","","-13.9","5,S,01,","","","","","","","","","","","","","","","-5.81","5,,,S"
"AYM00089056","1994-03","-62.183","-58.983","48.0","CENTRO MET. ANTARTICO PDTE. E, AY","","","","","","","","","","","0","4,S","15","4,S","","","","","","","19940328",",4,S","","","","","","","-5.1","4,S,28,","","","","","","","","","","","","","","","-0.81","4,,,S"
"AYM00089056","1994-11","-62.183","-58.983","48.0","CENTRO MET. ANTARTICO PDTE. E, AY","","","","","","","","","","","0","3,S","27","3,S","","","","","","","19941101",",3,S","","","","","","","-5.1","3,S,01,","","","","","","","","","","","","","","","-2.05","3,,,S"
"AYM00089056","1994-12","-62.183","-58.983","48.0","CENTRO MET. ANTARTICO PDTE. E, AY","","","","","","","","","","","0","4,S","21","4,S","","","","","","","19941202",",4,S","","","","","","","-3.9","4,S,02,","","","","","","","","","","","","","","","-0.83","4,,,S"
"AYM00089056","1995-01","-62.183","-58.983","48.0","CENTRO MET. ANTARTICO PDTE. E, AY","","","","","","","","","","","0","2,S","11","2,S","","","","","","","19950114",",2,S","","","","","","","-1.7","2,S,14,","","","","","","","","","","","","","","","0.25","2,,,S"
"AYM00089056","1995-02","-62.183","-58.983","48.0","CENTRO MET. ANTARTICO PDTE. E, AY","","","","","","","","","","","0","2,S","10","2,S","","","","","","","19950206","+,2,S","","","","","","","-0.7","2,S,06,+","","","","","","","","","","","","","","","0.50","2,,,S"
"AYM00089056","1995-08","-62.183","-58.983","48.0","CENTRO MET. ANTARTICO PDTE. E, AY","","","","","","","","","","","9","4,S","27","4,S","","","","","","","19950802",",4,S","","","","","","","-21.8","4,S,02,","","","","","","","","","","","","","","","-13.89","4,,,S"
"AYM00089056","1995-09","-62.183","-58.983","48.0","CENTRO MET. ANTARTICO PDTE. E, AY","","","","","","","","","","","1","4,S","26","4,S","","","","","","","19950909",",4,S","","","","","","","-18.6","4,S,09,","","","","","","","","","","","","","","","-9.53","4,,,S"
"AYM00089056","1995-10","-62.183","-58.983","48.0","CENTRO MET. ANTARTICO PDTE. E, AY","","","","","","","","","","","0","2,S","29","2,S","","","","","","","19951026",",2,S","","","","","","","-7.5","2,S,26,","","","","","","","","","","","","","","","-3.91","2,,,S"
"AYM00089056","1995-11","-62.183","-58.983","48.0","CENTRO MET. ANTARTICO PDTE. E, AY","","","","","","","","","","","0","5,S","25","5,S","","","","","","","19951110",",5,S","","","","","","","-7.9","5,S,10,","","","","","","","","","","","","","","","-2.72","5,,,S"
"AYM00089056","1995-12","-62.183","-58.983","48.0","CENTRO MET. ANTARTICO PDTE. E, AY","","","","","","","","","","","0","5,S","22","5,S","","","","","","","19951202","+,5,S","","","","","","","-2.7","5,S,02,+","","","","","","","","","","","","","","","-0.90","5,,,S"
"AYM00089056","1996-01","-62.183","-58.983","48.0","CENTRO MET. ANTARTICO PDTE. E, AY","","","","","","","","","","","0","2,S","21","2,S","","","","","","","19960128","+,2,S","","","","","","","-2.0","2,S,28,+","","","","","","","","","","","","","","","-0.39","2,,,S"
"AYM00089056","1996-02","-62.183","-58.983","48.0","CENTRO MET. ANTARTICO PDTE. E, AY","","","","","","","","","","","0","2,S","12","2,S","","","","","","","19960226",",2,S","","","","","","","-2.5","2,S,26,","","","","","","","","","","","","","","","0.34","2,,,S"
"AYM00089056","1996-10","-62.183","-58.983","48.0","CENTRO MET. ANTARTICO PDTE. E, AY","","","","","","","","","","","0","5,S","26","5,S","","","","","","","19961019","+,5,S","","","","","","","-8.6","5,S,19,+","","","","","","","","","","","","","","","-3.97","5,,,S"
"AYM00089056","1996-11","-62.183","-58.983","48.0","CENTRO MET. ANTARTICO PDTE. E, AY","","","","","","","","","","","0","4,S","26","4,S","","","","","","","19961114",",4,S","","","","","","","-7.4","4,S,14,","","","","","","","","","","","","","","","-2.53","4,,,S"
"AYM00089056","1997-01","-62.183","-58.983","48.0","CENTRO MET. ANTARTICO PDTE. E, AY","","","","","","","","","","","0","3,S","14","3,S","","","","","","","19970107","+,3,S","","","","","","","-1.6","3,S,07,+","","","","","","","","","","","","","","","0.22","3,,,S"
"AYM00089056","1997-02","-62.183","-58.983","48.0","CENTRO MET. ANTARTICO PDTE. E, AY","","","","","","","","","","","0","4,S","11","4,S","","","","","","","19970226","+,4,S","","","","","","","-1.9","4,S,26,+","","","","","","","","","","","","","","","0.38","4,,,S"
"AYM00089056","1997-03","-62.183","-58.983","48.0","CENTRO MET. ANTARTICO PDTE. E, AY","","","","","","","","","","","0","2,S","15","2,S","","","","","","","19970324",",2,S","","","","","","","-4.8","2,S,24,","","","","","","","","","","","","","","","-0.28","2,,,S"
"AYM00089056","1997-04","-62.183","-58.983","48.0","CENTRO MET. ANTARTICO PDTE. E, AY","","","","","","","","","","","0","4,S","24","4,S","","","","","","","19970426",",4,S","","","","","","","-8.9","4,S,26,","","","","","","","","","","","","","","","-3.22","4,,,S"
"AYM00089056","1997-05","-62.183","-58.983","48.0","CENTRO MET. ANTARTICO PDTE. E, AY","","","","","","","","","","","0","3,S","28","3,S","","","","","","","19970501",",3,S","","","","","","","-8.8","3,S,01,","","","","","","","","","","","","","","","-3.60","3,,,S"
"AYM00089056","1998-02","-62.183","-58.983","48.0","CENTRO MET. ANTARTICO PDTE. E, AY","","","","","","","","","","","0","4,S","5","4,S","","","","","","","19980202",",4,S","","","","","","","-1.3","4,S,02,","","","","","","","","","","","","","","","0.81","4,,,S"
"AYM00089056","1998-03","-62.183","-58.983","48.0","CENTRO MET. ANTARTICO PDTE. E, AY","","","","","","","","","","","0","5,S","16","5,S","","","","","","","19980309",",5,S","","","","","","","-4.2","5,S,09,","","","","","","","","","","","","","","","-0.78","5,,,S"
"AYM00089056","1998-06","-62.183","-58.983","48.0","CENTRO MET. ANTARTICO PDTE. E, AY","","","","","","","","","","","0","5,S","25","5,S","10","4,S","0","4,S","0","4,S","19980608",",5,S","","","","","19980621",",4,S","-11.4","5,S,08,","","","","","2.1","4,S,21,","","","","","-1.46","9,S","0.30","4,,,S","-3.23","5,,,S"
"AYM00089056","1998-12","-62.183","-58.983","48.0","CENTRO MET. ANTARTICO PDTE. E, AY","","","","","","","","","","","0","4,S","27","4,S","","","","","","","19981201",",4,S","","","","","","","-2.5","4,S,01,","","","","","","","","","","","","","","","-1.25","4,,,S"
"AYM00089056","1999-01","-62.183","-58.983","48.0","CENTRO MET. ANTARTICO PDTE. E, AY","","","","","","","","","","","0","4,S","12","4,S","","","","","","","19990131","+,4,S","","","","","","","-1.1","4,S,31,+","","","","","","","","","","","","","","","0.16","4,,,S"
"AYM00089056","1999-02","-62.183","-58.983","48.0","CENTRO MET. ANTARTICO PDTE. E, AY","","","","","","","","","","","0","3,S","15","3,S","0","4,S","0","4,S","0","4,S","19990221",",3,S","","","","","19990223",",4,S","-2.2","3,S,21,","","","","","4.8","4,S,23,","","","","","1.19","7,S","2.61","4,,,S","-0.22","3,,,S"
"AYM00089056","1999-03","-62.183","-58.983","48.0","CENTRO MET. ANTARTICO PDTE. E, AY","","","","","","","","","","","0","4,S","15","4,S","","","","","","","19990326",",4,S","","","","","","","-4.2","4,S,26,","","","","","","","","","","","","","","","-0.44","4,,,S"
"AYM00089056","1999-04","-62.183","-58.983","48.0","CENTRO MET. ANTARTICO PDTE. E, AY","","","","","","","","","","","0","5,S","21","5,S","","","","","","","19990416",",5,S","","","","","","","-3.7","5,S,16,","","","","","","","","","","","","","","","-1.28","5,,,S"
"AYM00089056","1999-05","-62.183","-58.983","48.0","CENTRO MET. ANTARTICO PDTE. E, AY","","","","","","","","","","","0","5,S","26","5,S","","","","","","","19990506",",5,S","","","","","","","-6.5","5,S,06,","","","","","","","","","","","","","","","-2.73","5,,,S"
"AYM00089056","1999-10","-62.183","-58.983","48.0","CENTRO MET. ANTARTICO PDTE. E, AY","","","","","","","","","","","0","5,S","26","5,S","","","","","","","19991017",",5,S","","","","","","","-8.9","5,S,17,","","","","","","","","","","","","","","","-3.45","5,,,S"
"AYM00089056","1999-12","-62.183","-58.983","48.0","CENTRO MET. ANTARTICO PDTE. E, AY","","","","","","","","","","","0","5,S","23","5,S","","","","","","","19991204",",5,S","","","","","","","-2.3","5,S,04,","","","","","","","","","","","","","","","-0.66","5,,,S"
"AYM00089056","2000-01","-62.183","-58.983","48.0","CENTRO MET. ANTARTICO PDTE. E, AY","","","","","","","","","","","0","2,S","13","2,S","","","","","","","20000121",",2,S","","","","","","","-2.3","2,S,21,","","","","","","","","","","","","","","","0.00","2,,,S"
"AYM00089056","2000-02","-62.183","-58.983","48.0","CENTRO MET. ANTARTICO PDTE. E, AY","","","","","","","","","","","0","1,S","10","1,S","","","","","","","20000211",",1,S","","","","","","","-2.3","1,S,11,","","","","","","","","","","","","","","","0.37","1,,,S"
"AYM00089056","2000-03","-62.183","-58.983","48.0","CENTRO MET. ANTARTICO PDTE. E, AY","","","","","","","","","","","0","5,S","16","5,S","","","","","","","20000327","+,5,S","","","","","","","-4.6","5,S,27,+","","","","","","","","","","","","","","","-0.78","5,,,S"
"AYM00089056","2000-10","-62.183","-58.983","48.0","CENTRO MET. ANTARTICO PDTE. E, AY","","","","","","","","","","","0","5,S","26","5,S","","","","","","","20001018",",5,S","","","","","","","-5.7","5,S,18,","","","","","","","","","","","","","","","-3.38","5,,,S"
"AYM00089056","2000-11","-62.183","-58.983","48.0","CENTRO MET. ANTARTICO PDTE. E, AY","","","","","","","","","","","0","5,S","25","5,S","","","","","","","20001116",",5,S","","","","","","","-6.9","5,S,16,","","","","","","","","","","","","","","","-3.34","5,,,S"
"AYM00089056","2000-12","-62.183","-58.983","48.0","CENTRO MET. ANTARTICO PDTE. E, AY","","","","","","","","","","","0","3,S","26","3,S","","","","","","","20001214",",3,S","","","","","","","-3.4","3,S,14,","","","","","","","","","","","","","","","-1.05","3,,,S"
"AYM00089056","2001-01","-62.183","-58.983","48.0","CENTRO MET. ANTARTICO PDTE. E, AY","","","","","","","","","","","0","5,S","18","5,S","","","","","","","20010102",",5,S","","","","","","","-3.4","5,S,02,","","","","","","","","","","","","","","","-0.38","5,,,S"
"AYM00089056","2001-03","-62.183","-58.983","48.0","CENTRO MET. ANTARTICO PDTE. E, AY","","","","","","","","","","","0","5,S","18","5,S","","","","","","","20010330",",5,S","","","","","","","-6.5","5,S,30,","","","","","","","","","","","","","","","-2.29","5,,,S"
"AYM00089056","2001-09","-62.183","-58.983","48.0","CENTRO MET. ANTARTICO PDTE. E, AY","","","14","3,S","2","3,S","0","3,S","","","","","","","","","","","","","","","","","20010916","+,3,S","","","","","","","3.0","3,,S,16,+","","","","","17.1","3,,,S","","","","","",""
"AYM00089056","2001-10","-62.183","-58.983","48.0","CENTRO MET. ANTARTICO PDTE. E, AY","","","25","1,S","3","1,S","0","1,S","","","","","","","","","","","","","","","","","20011017",",1,S","","","","","","","4.1","1,,S,17,","","","","","28.3","1,,,S","","","","","",""
"AYM00089056","2001-11","-62.183","-58.983","48.0","CENTRO MET. ANTARTICO PDTE. E, AY","","","21","2,S","4","2,S","0","2,S","","","0","2,S","26","2,S","","","","","","","20011105",",2,S","","","20011107",",2,S","","","-6.0","2,S,05,","","","7.1","2,,S,07,","","","","","34.6","2,,,S","","","","","-1.80","2,,,S"
"AYM00089056","2001-12","-62.183","-58.983","48.0","CENTRO MET. ANTARTICO PDTE. E, AY","","","20","2,S","8","2,S","0","2,S","","","0","1,S","19","1,S","","","","","","","20011207",",1,S","","","20011219",",2,S","","","-1.8","1,S,07,","","","8.9","2,,S,19,","","","","","48.3","2,,,S","","","","","-0.16","1,,,S"
"AYM00089056","2002-01","-62.183","-58.983","48.0","CENTRO MET. ANTARTICO PDTE. E, AY","","","20","4,S","10","4,S","0","4,S","","","0","2,S","7","2,S","","","","","","","20020103",",2,S","","","20020109",",4,S","","","-0.9","2,S,03,","","","14.0","4,,S,09,","","","","","63.1","4,,,S","","","","","0.57","2,,,S"
"AYM00089056","2002-02","-62.183","-58.983","48.0","CENTRO MET. ANTARTICO PDTE. E, AY","","","19","1,S","7","1,S","0","1,S","","","0","5,S","2","5,S","","","","","","","20020223",",5,S","","","20020209",",1,S","","","-0.8","5,S,23,","","","15.0","1,,S,09,","","","","","53.4","1,,,S","","","","","0.80","5,,,S"
"AYM00089056","2002-03","-62.183","-58.983","48.0","CENTRO MET. ANTARTICO PDTE. E, AY","","","18","3,S","8","3,S","0","3,S","","","","","","","","","","","","","","","","","20020304",",3,S","","","","","","","9.9","3,,S,04,","","","","","54.5","3,,,S","","","","","",""
"AYM00089056","2002-04","-62.183","-58.983","48.0","CENTRO MET. ANTARTICO PDTE. E, AY","","","22","2,S","6","2,S","0","2,S","","","0","4,S","19","4,S","","","","","","","20020412",",4,S","","","20020405",",2,S","","","-5.7","4,S,12,","","","9.9","2,,S,05,","","","","","49.0","2,,,S","","","","","-1.52","4,,,S"
"AYM00089056","2002-05","-62.183","-58.983","48.0","CENTRO MET. ANTARTICO PDTE. E, AY","","","22","4,S","7","4,S","0","4,S","","","","","","","","","","","","","","","","","20020520","+,4,S","","","","","","","4.1","4,,S,20,+","","","","","37.6","4,,,S","","","","","",""
"AYM00089056","2002-06","-62.183","-58.983","48.0","CENTRO MET. ANTARTICO PDTE. E, AY","","","","","","","","","","","5","5,S","25","5,S","","","","","","","20020616",",5,S","","","","","","","-21.4","5,S,16,","","","","","","","","","","","","","","","-12.14","5,,,S"
"AYM00089056","2002-08","-62.183","-58.983","48.0","CENTRO MET. ANTARTICO PDTE. E, AY","","","12","4,S","3","4,S","0","4,S","","","0","3,S","28","3,S","","","","","","","20020818",",3,S","","","20020819",",4,S","","","-14.2","3,S,18,","","","6.1","4,,S,19,","","","","","21.8","4,,,S","","","","","-7.40","3,,,S"
"AYM00089056","2002-09","-62.183","-58.983","48.0","CENTRO MET. ANTARTICO PDTE. E, AY","","","19",",S","3",",S","0",",S","","","0","3,S","27","3,S","","","","","","","20020905",",3,S","","","20020926",",,S","","","-11.0","3,S,05,","","","6.1",",,S,26,","","","","","31.4",",,,S","","","","","-4.85","3,,,S"
"AYM00089056","2002-10","-62.183","-58.983","48.0","CENTRO MET. ANTARTICO PDTE. E, AY","","","22","3,S","3","3,S","0","3,S","","","","","","","","","","","","","","","","","20021003",",3,S","","","","","","","6.1","3,,S,03,","","","","","32.7","3,,,S","","","","","",""
"AYM00089056","2002-11","-62.183","-58.983","48.0","CENTRO MET. ANTARTICO PDTE. E, AY","","","19",",S","4",",S","0",",S","","","0","5,S","25","5,S","","","","","","","20021101",",5,S","","","20021111",",,S","","","-5.8","5,S,01,","","","5.1",",,S,11,","","","","","29.2",",,,S","","","","","-3.06","5,,,S"
"AYM00089056","2002-12","-62.183","-58.983","48.0","CENTRO MET. ANTARTICO PDTE. E, AY","","","12","3,S","3","3,S","0","3,S","","","0","3,S","23","3,S","","","","","","","20021204",",3,S","","","20021214",",3,S","","","-5.2","3,S,04,","","","4.1","3,,S,14,","","","","","17.0","3,,,S","","","","","-0.90","3,,,S"
"AYM00089056","2003-01","-62.183","-58.983","48.0","CENTRO MET. ANTARTICO PDTE. E, AY","","","11","4,S","3","4,S","0","4,S","","","","","","","","","","","","","","","","","20030112",",4,S","","","","","","","14.0","4,,S,12,","","","","","34.9","4,,,S","","","","","",""
"AYM00089056","2003-02","-62.183","-58.983","48.0","CENTRO MET. ANTARTICO PDTE. E, AY","","","17",",S","12",",S","0",",S","","","0","3,S","9","3,S","","","","","","","20030228",",3,S","","","20030216",",,S","","","-2.0","3,S,28,","","","7.1",",,S,16,","","","","","58.4",",,,S","","","","","0.69","3,,,S"
"AYM00089056","2003-03","-62.183","-58.983","48.0","CENTRO MET. ANTARTICO PDTE. E, AY","","","6","4,S","2","4,S","0","4,S","","","","","","","","","","","","","","","","","20030325",",4,S","","","","","","","5.1","4,,S,25,","","","","","12.1","4,,,S","","","","","",""
"AYM00089056","2003-04","-62.183","-58.983","48.0","CENTRO MET. ANTARTICO PDTE. E, AY","","","10","1,S","4","1,S","0","1,S","","","0","3,S","22","3,S","","","","","","","20030429",",3,S","","","20030411",",1,S","","","-8.2","3,S,29,","","","6.1","1,,S,11,","","","","","25.3","1,,,S","","","","","-2.20","3,,,S"
"AYM00089056","2003-07","-62.183","-58.983","48.0","CENTRO MET. ANTARTICO PDTE. E, AY","","","12","3,S","5","3,S","0","3,S","","","","","","","","","","","","","","","","","20030718",",3,S","","","","","","","7.1","3,,S,18,","","","","","36.3","3,,,S","","","","","",""
"AYM00089056","2003-08","-62.183","-58.983","48.0","CENTRO MET. ANTARTICO PDTE. E, AY","","","11","1,S","6","1,S","0","1,S","","","","","","","","","","","","","","","","","20030807",",1,S","","","","","","","7.9","1,,S,07,","","","","","36.3","1,,,S","","","","","",""
"AYM00089056","2003-09","-62.183","-58.983","48.0","CENTRO MET. ANTARTICO PDTE. E, AY","","","17","2,S","6","2,S","0","2,S","","","","","","","","","","","","","","","","","20030928","+,2,S","","","","","","","4.1","2,,S,28,+","","","","","33.7","2,,,S","","","","","",""
"AYM00089056","2003-10","-62.183","-58.983","48.0","CENTRO MET. ANTARTICO PDTE. E, AY","","","11","3,S","4","3,S","0","3,S","","","0","4,S","27","4,S","","","","","","","20031008",",4,S","","","20031024",",3,S","","","-8.6","4,S,08,","","","5.1","3,,S,24,","","","","","23.0","3,,,S","","","","","-4.29","4,,,S"
"AYM00089056","2003-11","-62.183","-58.983","48.0","CENTRO MET. ANTARTICO PDTE. E, AY","","","12","1,S","0","1,S","0","1,S","","","0","4,S","26","4,S","","","","","","","20031116",",4,S","","","20031114",",1,S","","","-7.2","4,S,16,","","","2.0","1,,S,14,","","","","","10.3","1,,,S","","","","","-4.00","4,,,S"
"AYM00089056","2003-12","-62.183","-58.983","48.0","CENTRO MET. ANTARTICO PDTE. E, AY","","","7","2,S","1","2,S","0","2,S","","","0","4,S","27","4,S","","","","","","","20031206",",4,S","","","20031214",",2,S","","","-6.8","4,S,06,","","","5.1","2,,S,14,","","","","","12.1","2,,,S","","","","","-2.59","4,,,S"
"AYM00089056","2004-01","-62.183","-58.983","48.0","CENTRO MET. ANTARTICO PDTE. E, AY","","","15","2,S","8","2,S","0","2,S","","","0","3,S","17","3,S","","","","","","","20040118",",3,S","","","20040121",",2,S","","","-1.4","3,S,18,","","","20.1","2,,S,21,","","","","","76.1","2,,,S","","","","","-0.20","3,,,S"
"AYM00089056","2004-02","-62.183","-58.983","48.0","CENTRO MET. ANTARTICO PDTE. E, AY","","","12","4,S","2","4,S","0","4,S","","","0","5,S","10","5,S","","","","","","","20040226",",5,S","","","20040209",",4,S","","","-1.1","5,S,26,","","","19.1","4,,S,09,","","","","","34.4","4,,,S","","","","","0.21","5,,,S"
"AYM00089056","2004-03","-62.183","-58.983","48.0","CENTRO MET. ANTARTICO PDTE. E, AY","","","20",",S","4",",S","0",",S","","","0","4,S","22","4,S","","","","","","","20040329","+,4,S","","","20040325","+,,S","","","-7.8","4,S,29,+","","","4.1",",,S,25,+","","","","","33.1",",,,S","","","","","-1.57","4,,,S"
"AYM00089056","2004-04","-62.183","-58.983","48.0","CENTRO MET. ANTARTICO PDTE. E, AY","","","12","1,S","2","1,S","0","1,S","","","","","","","","","","","","","","","","","20040413",",1,S","","","","","","","11.9","1,,S,13,","","","","","27.6","1,,,S","","","","","",""
"AYM00089056","2004-05","-62.183","-58.983","48.0","CENTRO MET. ANTARTICO PDTE. E, AY","","","9","1,S","2","1,S","0","1,S","","","","","","","","","","","","","","","","","20040505",",1,S","","","","","","","7.1","1,,S,05,","","","","","20.0","1,,,S","","","","","",""
"AYM00089056","2004-06","-62.183","-58.983","48.0","CENTRO MET. ANTARTICO PDTE. E, AY","","","12","2,S","5","2,S","0","2,S","","","","","","","","","","","","","","","","","20040626","+,2,S","","","","","","","9.9","2,,S,26,+","","","","","34.9","2,,,S","","","","","",""
"AYM00089056","2004-08","-62.183","-58.983","48.0","CENTRO MET. ANTARTICO PDTE. E, AY","","","16",",S","6",",S","0",",S","","","","","","","","","","","","","","","","","20040825",",,S","","","","","","","8.9",",,S,25,","","","","","42.5",",,,S","","","","","",""
"AYM00089056","2004-09","-62.183","-58.983","48.0","CENTRO MET. ANTARTICO PDTE. E, AY","","","13","1,S","5","1,S","0","1,S","","","","","","","","","","","","","","","","","20040909",",1,S","","","","","","","7.9","1,,S,09,","","","","","33.7","1,,,S","","","","","",""
"AYM00089056","2004-10","-62.183","-58.983","48.0","CENTRO MET. ANTARTICO PDTE. E, AY","","","17",",S","3",",S","0",",S","","","0","5,S","26","5,S","","","","","","","20041009",",5,S","","","20041015",",,S","","","-10.7","5,S,09,","","","14.0",",,S,15,","","","","","38.0",",,,S","","","","","-5.00","5,,,S"
"AYM00089056","2004-11","-62.183","-58.983","48.0","CENTRO MET. ANTARTICO PDTE. E, AY","","","16","2,S","6","2,S","0","2,S","","","","","","","","","","","","","","","","","20041114",",2,S","","","","","","","6.1","2,,S,14,","","","","","35.3","2,,,S","","","","","",""
"AYM00089056","2004-12","-62.183","-58.983","48.0","CENTRO MET. ANTARTICO PDTE. E, AY","","","","","","","","","","","0","4,S","23","4,S","","","","","","","20041216",",4,S","","","","","","","-2.5","4,S,16,","","","","","","","","","","","","","","","-0.82","4,,,S"
"AYM00089056","2005-01","-62.183","-58.983","48.0","CENTRO MET. ANTARTICO PDTE. E, AY","","","","","","","","","","","0","3,S","16","3,S","","","","","","","20050130","+,3,S","","","","","","","-1.6","3,S,30,+","","","","","","","","","","","","","","","-0.24","3,,,S"
"AYM00089056","2005-02","-62.183","-58.983","48.0","CENTRO MET. ANTARTICO PDTE. E, AY","0.0","4,S","16","4,S","11","4,S","0","4,S","","","0","1,S","17","1,S","0","3,S","0","3,S","0","3,S","20050206",",1,S","","","20050213",",4,S","20050211",",3,S","-3.0","1,S,06,","","","14.0","4,,S,13,","6.9","3,S,11,","394.6","3,S","64.6","4,,,S","1.93","4,S","4.31","3,,,S","-0.45","1,,,S"
"AYM00089056","2005-03","-62.183","-58.983","48.0","CENTRO MET. ANTARTICO PDTE. E, AY","","","15","5,S","10","5,S","0","5,S","","","","","","","","","","","","","","","","","20050327",",5,S","","","","","","","13.0","5,,S,27,","","","","","71.4","5,,,S","","","","","",""
"AYM00089056","2005-05","-62.183","-58.983","48.0","CENTRO MET. ANTARTICO PDTE. E, AY","","","","","","","","","","","0","5,S","26","5,S","20","5,S","0","5,S","0","5,S","20050501",",5,S","","","","","20050510",",5,S","-8.9","5,S,01,","","","","","2.0","5,S,10,","","","","","-3.62","8,S","-1.39","5,,,S","-5.85","5,,,S"
"AYM00089056","2006-04","-62.183","-58.983","48.0","CENTRO MET. ANTARTICO PDTE. E, AY","","","","","","","","","","","0","5,S","23","5,S","","","","","","","20060423",",5,S","","","","","","","-6.9","5,S,23,","","","","","","","","","","","","","","","-2.68","5,,,S"
"AYM00089056","2006-05","-62.183","-58.983","48.0","CENTRO MET. ANTARTICO PDTE. E, AY","","","","","","","","","","","0","3,S","25","3,S","","","","","","","20060520",",3,S","","","","","","","-11.0","3,S,20,","","","","","","","","","","","","","","","-3.29","3,,,S"
"AYM00089056","2006-11","-62.183","-58.983","48.0","CENTRO MET. ANTARTICO PDTE. E, AY","","","","","","","","","","","0","5,S","25","5,S","","","","","","","20061116",",5,S","","","","","","","-4.8","5,S,16,","","","","","","","","","","","","","","","-2.31","5,,,S"
"AYM00089056","2007-02","-62.183","-58.983","48.0","CENTRO MET. ANTARTICO PDTE. E, AY","","","","","","","","","","","0","3,S","8","3,S","","","","","","","20070227",",3,S","","","","","","","-2.3","3,S,27,","","","","","","","","","","","","","","","0.17","3,,,S"
"AYM00089056","2007-05","-62.183","-58.983","48.0","CENTRO MET. ANTARTICO PDTE. E, AY","","","","","","","","","","","0","4,S","27","4,S","","","","","","","20070518","+,4,S","","","","","","","-13.7","4,S,18,+","","","","","","","","","","","","","","","-6.42","4,,,S"
"AYM00089056","2007-10","-62.183","-58.983","48.0","CENTRO MET. ANTARTICO PDTE. E, AY","","","","","","","","","","","0","5,S","26","5,S","","","","","","","20071016",",5,S","","","","","","","-10.6","5,S,16,","","","","","","","","","","","","","","","-6.39","5,,,S"
"AYM00089056","2007-11","-62.183","-58.983","48.0","CENTRO MET. ANTARTICO PDTE. E, AY","","","","","","","","","","","0","4,S","26","4,S","","","","","","","20071101",",4,S","","","","","","","-9.5","4,S,01,","","","","","","","","","","","","","","","-3.57","4,,,S"
"AYM00089056","2007-12","-62.183","-58.983","48.0","CENTRO MET. ANTARTICO PDTE. E, AY","","","","","","","","","","","0","5,S","26","5,S","","","","","","","20071210","+,5,S","","","","","","","-3.1","5,S,10,+","","","","","","","","","","","","","","","-1.27","5,,,S"
"AYM00089056","2008-01","-62.183","-58.983","48.0","CENTRO MET. ANTARTICO PDTE. E, AY","","","","","","","","","","","0","4,S","11","4,S","0","5,S","0","5,S","0","5,S","20080115",",4,S","","","","","20080126",",5,S","-2.3","4,S,15,","","","","","3.8","5,S,26,","","","","","1.12","7,S","2.27","5,,,S","-0.03","4,,,S"
"AYM00089056","2008-02","-62.183","-58.983","48.0","CENTRO MET. ANTARTICO PDTE. E, AY","","","","","","","","","","","0","5,S","9","5,S","","","","","","","20080228",",5,S","","","","","","","-2.4","5,S,28,","","","","","","","","","","","","","","","0.12","5,,,S"
"AYM00089056","2008-03","-62.183","-58.983","48.0","CENTRO MET. ANTARTICO PDTE. E, AY","","","","","","","","","","","0","3,S","18","3,S","","","","","","","20080323",",3,S","","","","","","","-7.7","3,S,23,","","","","","","","","","","","","","","","-1.18","3,,,S"
"AYM00089056","2008-04","-62.183","-58.983","48.0","CENTRO MET. ANTARTICO PDTE. E, AY","","","","","","","","","","","0","4,S","22","4,S","","","","","","","20080426",",4,S","","","","","","","-9.3","4,S,26,","","","","","","","","","","","","","","","-3.74","4,,,S"
"AYM00089056","2008-09","-62.183","-58.983","48.0","CENTRO MET. ANTARTICO PDTE. E, AY","","","13","3,S","4","3,S","0","3,S","","","","","","","","","","","","","","","","","20080921","+,3,S","","","","","","","4.1","3,,S,21,+","","","","","24.8","3,,,S","","","","","",""
"AYM00089056","2008-12","-62.183","-58.983","48.0","CENTRO MET. ANTARTICO PDTE. E, AY","0.0","5,S","","","","","","","","","0","2,S","19","2,S","0","4,S","0","4,S","0","4,S","20081207",",2,S","","","","","20081219",",4,S","-2.9","2,S,07,","","","","","3.7","4,S,19,","455.6","4,S","","","0.81","5,S","2.06","4,,,S","-0.44","2,,,S"
"AYM00089056","2009-01","-62.183","-58.983","48.0","CENTRO MET. ANTARTICO PDTE. E, AY","","","","","","","","","","","0","3,S","7","3,S","","","","","","","20090129",",3,S","","","","","","","-1.1","3,S,29,","","","","","","","","","","","","","","","0.66","3,,,S"
"AYM00089056","2009-02","-62.183","-58.983","48.0","CENTRO MET. ANTARTICO PDTE. E, AY","","","","","","","","","","","0","2,S","11","2,S","","","","","","","20090205",",2,S","","","","","","","-3.0","2,S,05,","","","","","","","","","","","","","","","0.12","2,,,S"
"AYM00089056","2010-06","-62.183","-58.983","48.0","CENTRO MET. ANTARTICO PDTE. E, AY","","","8","3,S","2","3,S","0","3,S","","","","","","","","","","","","","","","","","20100602",",3,S","","","","","","","9.9","3,,S,02,","","","","","17.9","3,,,S","","","","","",""
"AYM00089056","2010-08","-62.183","-58.983","48.0","CENTRO MET. ANTARTICO PDTE. E, AY","","","11","3,S","8","3,S","0","3,S","","","0","5,S","26","5,S","","","","","","","20100811",",5,S","","","20100827",",3,S","","","-17.0","5,S,11,","","","15.0","3,,S,27,","","","","","60.4","3,,,S","","","","","-7.58","5,,,S"
"AYM00089056","2010-10","-62.183","-58.983","48.0","CENTRO MET. ANTARTICO PDTE. E, AY","","","17","4,S","8","4,S","0","4,S","","","","","","","","","","","","","","","","","20101001",",4,S","","","","","","","18.0","4,,S,01,","","","","","55.7","4,,,S","","","","","",""
"AYM00089056","2010-11","-62.183","-58.983","48.0","CENTRO MET. ANTARTICO PDTE. E, AY","","","18","1,S","6","1,S","0","1,S","","","","","","","","","","","","","","","","","20101124","+,1,S","","","","","","","6.1","1,,S,24,+","","","","","45.0","1,,,S","","","","","",""
"AYM00089056","2010-12","-62.183","-58.983","48.0","CENTRO MET. ANTARTICO PDTE. E, AY","","","13","3,S","2","3,S","0","3,S","","","","","","","","","","","","","","","","","20101226","+,3,S","","","","","","","3.0","3,,S,26,+","","","","","17.1","3,,,S","","","","","",""
"AYM00089056","2011-01","-62.183","-58.983","48.0","CENTRO MET. ANTARTICO PDTE. E, AY","","","11","1,S","3","1,S","0","1,S","","","","","","","","","","","","","","","","","20110126",",1,S","","","","","","","4.1","1,,S,26,","","","","","20.9","1,,,S","","","","","",""
"AYM00089056","2011-02","-62.183","-58.983","48.0","CENTRO MET. ANTARTICO PDTE. E, AY","","","21",",S","7",",S","0",",S","","","0","5,S","7","5,S","","","","","","","20110207",",5,S","","","20110225",",,S","","","-1.0","5,S,07,","","","7.9",",,S,25,","","","","","45.3",",,,S","","","","","0.57","5,,,S"
"AYM00089056","2011-03","-62.183","-58.983","48.0","CENTRO MET. ANTARTICO PDTE. E, AY","","","13","4,S","5","4,S","0","4,S","","","","","","","","","","","","","","","","","20110311",",4,S","","","","","","","5.1","4,,S,11,","","","","","25.2","4,,,S","","","","","",""
"AYM00089056","2011-05","-62.183","-58.983","48.0","CENTRO MET. ANTARTICO PDTE. E, AY","","","21",",S","5",",S","0",",S","","","","","","","","","","","","","","","","","20110518",",,S","","","","","","","10.9",",,S,18,","","","","","49.5",",,,S","","","","","",""
"AYM00089056","2011-06","-62.183","-58.983","48.0","CENTRO MET. ANTARTICO PDTE. E, AY","","","16","2,S","9","2,S","0","2,S","","","","","","","","","","","","","","","","","20110607",",2,S","","","","","","","10.9","2,,S,07,","","","","","61.4","2,,,S","","","","","",""
"AYM00089056","2011-09","-62.183","-58.983","48.0","CENTRO MET. ANTARTICO PDTE. E, AY","","","16","2,S","8","2,S","0","2,S","","","","","","","","","","","","","","","","","20110903","+,2,S","","","","","","","9.9","2,,S,03,+","","","","","56.3","2,,,S","","","","","",""
"AYM00089056","2011-10","-62.183","-58.983","48.0","CENTRO MET. ANTARTICO PDTE. E, AY","","","19","1,S","10","1,S","0","1,S","","","","","","","","","","","","","","","","","20111031",",1,S","","","","","","","7.1","1,,S,31,","","","","","56.6","1,,,S","","","","","",""
"AYM00089056","2011-11","-62.183","-58.983","48.0","CENTRO MET. ANTARTICO PDTE. E, AY","","","15","4,S","6","4,S","0","4,S","","","","","","","","","","","","","","","","","20111101",",4,S","","","","","","","18.0","4,,S,01,","","","","","51.0","4,,,S","","","","","",""
"AYM00089056","2011-12","-62.183","-58.983","48.0","CENTRO MET. ANTARTICO PDTE. E, AY","","","13","5,S","5","5,S","0","5,S","","","","","","","","","","","","","","","","","20111208",",5,S","","","","","","","5.1","5,,S,08,","","","","","26.3","5,,,S","","","","","",""
"AYM00089056","2012-01","-62.183","-58.983","48.0","CENTRO MET. ANTARTICO PDTE. E, AY","","","6","3,S","0","3,S","0","3,S","","","","","","","","","","","","","","","","","20120111","+,3,S","","","","","","","2.0","3,,S,11,+","","","","","9.0","3,,,S","","","","","",""
"AYM00089056","2012-02","-62.183","-58.983","48.0","CENTRO MET. ANTARTICO PDTE. E, AY","","","12",",S","5",",S","0",",S","","","","","","","","","","","","","","","","","20120212",",,S","","","","","","","7.1",",,S,12,","","","","","28.9",",,,S","","","","","",""
"AYM00089056","2012-04","-62.183","-58.983","48.0","CENTRO MET. ANTARTICO PDTE. E, AY","","","7","2,S","3","2,S","0","2,S","","","","","","","","","","","","","","","","","20120416","+,2,S","","","","","","","5.1","2,,S,16,+","","","","","18.0","2,,,S","","","","","",""
"AYM00089056","2012-05","-62.183","-58.983","48.0","CENTRO MET. ANTARTICO PDTE. E, AY","","","17",",S","3",",S","0",",S","","","","","","","","","","","","","","","","","20120503",",,S","","","","","","","4.1",",,S,03,","","","","","27.4",",,,S","","","","","",""
"AYM00089056","2012-06","-62.183","-58.983","48.0","CENTRO MET. ANTARTICO PDTE. E, AY","","","9","2,S","4","2,S","0","2,S","","","","","","","","","","","","","","","","","20120625","+,2,S","","","","","","","4.1","2,,S,25,+","","","","","18.8","2,,,S","","","","","",""
"AYM00089056","2012-07","-62.183","-58.983","48.0","CENTRO MET. ANTARTICO PDTE. E, AY","","","12","2,S","7","2,S","0","2,S","","","0","5,S","26","5,S","","","","","","","20120705",",5,S","","","20120731","+,2,S","","","-16.5","5,S,05,","","","6.1","2,,S,31,+","","","","","36.0","2,,,S","","","","","-8.11","5,,,S"
"AYM00089056","2012-08","-62.183","-58.983","48.0","CENTRO MET. ANTARTICO PDTE. E, AY","","","21","2,S","11","2,S","0","2,S","","","0","5,S","26","5,S","","","","","","","20120814",",5,S","","","20120823",",2,S","","","-16.4","5,S,14,","","","7.9","2,,S,23,","","","","","62.5","2,,,S","","","","","-7.95","5,,,S"
"AYM00089056","2012-09","-62.183","-58.983","48.0","CENTRO MET. ANTARTICO PDTE. E, AY","","","14","1,S","6","1,S","0","1,S","","","0","4,S","26","4,S","","","","","","","20120910",",4,S","","","20120922",",1,S","","","-16.8","4,S,10,","","","6.1","1,,S,22,","","","","","35.1","1,,,S","","","","","-9.00","4,,,S"
"AYM00089056","2012-10","-62.183","-58.983","48.0","CENTRO MET. ANTARTICO PDTE. E, AY","","","18","2,S","8","2,S","0","2,S","","","0","5,S","26","5,S","","","","","","","20121020",",5,S","","","20121026",",2,S","","","-11.7","5,S,20,","","","9.9","2,,S,26,","","","","","55.4","2,,,S","","","","","-5.50","5,,,S"
"AYM00089056","2012-11","-62.183","-58.983","48.0","CENTRO MET. ANTARTICO PDTE. E, AY","","","16",",S","5",",S","0",",S","","","0","4,S","26","4,S","","","","","","","20121120",",4,S","","","20121102",",,S","","","-10.2","4,S,20,","","","10.9",",,S,02,","","","","","44.5",",,,S","","","","","-3.97","4,,,S"
"AYM00089056","2012-12","-62.183","-58.983","48.0","CENTRO MET. ANTARTICO PDTE. E, AY","","","11","4,S","2","4,S","0","4,S","","","0","2,S","29","2,S","","","","","","","20121207",",2,S","","","20121223",",4,S","","","-4.6","2,S,07,","","","6.1","4,,S,23,","","","","","20.5","4,,,S","","","","","-2.64","2,,,S"
"AYM00089056","2013-01","-62.183","-58.983","48.0","CENTRO MET. ANTARTICO PDTE. E, AY","","","9","4,S","3","4,S","0","4,S","","","0","5,S","23","5,S","","","","","","","20130126",",5,S","","","20130112",",4,S","","","-2.2","5,S,26,","","","8.6","4,,S,12,","","","","","25.1","4,,,S","","","","","-0.68","5,,,S"
"AYM00089056","2013-02","-62.183","-58.983","48.0","CENTRO MET. ANTARTICO PDTE. E, AY","","","12","2,S","3","2,S","0","2,S","","","0","4,S","19","4,S","","","","","","","20130219",",4,S","","","20130205",",2,S","","","-4.5","4,S,19,","","","4.3","2,,S,05,","","","","","21.4","2,,,S","","","","","-0.76","4,,,S"
"AYM00089056","2013-03","-62.183","-58.983","48.0","CENTRO MET. ANTARTICO PDTE. E, AY","","","14","5,S","2","5,S","0","5,S","","","","","","","","","","","","","","","","","20130327",",5,S","","","","","","","8.9","5,,S,27,","","","","","26.3","5,,,S","","","","","",""
"AYM00089056","2013-04","-62.183","-58.983","48.0","CENTRO MET. ANTARTICO PDTE. E, AY","","","15","5,S","4","5,S","0","5,S","","","","","","","","","","","","","","","","","20130411",",5,S","","","","","","","4.3","5,,S,11,","","","","","23.6","5,,,S","","","","","",""
"AYM00089056","2013-05","-62.183","-58.983","48.0","CENTRO MET. ANTARTICO PDTE. E, AY","","","18","1,S","10","1,S","0","1,S","","","","","","","","","","","","","","","","","20130515",",1,S","","","","","","","18.0","1,,S,15,","","","","","101.1","1,,,S","","","","","",""
"AYM00089056","2013-06","-62.183","-58.983","48.0","CENTRO MET. ANTARTICO PDTE. E, AY","","","18","3,S","15","3,S","2","3,S","","","","","","","20","5,S","0","5,S","0","5,S","","","","","20130624",",3,S","20130608",",5,S","","","","","36.1","3,,S,24,","1.3","5,S,08,","","","184.9","3,,,S","","","-1.75","5,,,S","",""
"AYM00089056","2013-08","-62.183","-58.983","48.0","CENTRO MET. ANTARTICO PDTE. E, AY","","","24","1,S","18","1,S","3","1,S","","","","","","","","","","","","","","","","","20130822",",1,S","","","","","","","46.0","1,,S,22,","","","","","281.8","1,,,S","","","","","",""
"AYM00089056","2013-09","-62.183","-58.983","48.0","CENTRO MET. ANTARTICO PDTE. E, AY","","","13","5,S","9","5,S","0","5,S","","","2","5,S","25","5,S","","","","","","","20130910",",5,S","","","20130901",",5,S","","","-18.9","5,S,10,","","","16.0","5,,S,01,","","","","","77.8","5,,,S","","","","","-8.84","5,,,S"
"AYM00089056","2013-10","-62.183","-58.983","48.0","CENTRO MET. ANTARTICO PDTE. E, AY","","","24","1,S","16","1,S","0","1,S","","","0","4,S","27","4,S","","","","","","","20131021",",4,S","","","20131014",",1,S","","","-9.6","4,S,21,","","","14.0","1,,S,14,","","","","","120.8","1,,,S","","","","","-4.61","4,,,S"
"AYM00089056","2013-11","-62.183","-58.983","48.0","CENTRO MET. ANTARTICO PDTE. E, AY","","","17","4,S","6","4,S","0","4,S","","","","","","","","","","","","","","","","","20131105",",4,S","","","","","","","6.1","4,,S,05,","","","","","36.2","4,,,S","","","","","",""
"AYM00089056","2013-12","-62.183","-58.983","48.0","CENTRO MET. ANTARTICO PDTE. E, AY","","","16","1,S","6","1,S","1","1,S","","","0","3,S","28","3,S","13","5,S","0","5,S","0","5,S","20131206",",3,S","","","20131214",",1,S","20131221",",5,S","-5.2","3,S,06,","","","43.9","1,,S,14,","3.4","5,S,21,","","","79.0","1,,,S","-1.24","7,S","0.11","5,,,S","-2.59","3,,,S"
"AYM00089056","2014-01","-62.183","-58.983","48.0","CENTRO MET. ANTARTICO PDTE. E, AY","","","13","2,S","1","2,S","0","2,S","","","0","3,S","25","3,S","","","","","","","20140109",",3,S","","","20140115",",2,S","","","-4.1","3,S,09,","","","5.1","2,,S,15,","","","","","15.1","2,,,S","","","","","-1.39","3,,,S"
"AYM00089056","2014-02","-62.183","-58.983","48.0","CENTRO MET. ANTARTICO PDTE. E, AY","","","17","2,S","7","2,S","1","2,S","","","0","4,S","19","4,S","","","","","","","20140209",",4,S","","","20140208",",2,S","","","-6.5","4,S,09,","","","30.0","2,,S,08,","","","","","85.1","2,,,S","","","","","-1.71","4,,,S"
"AYM00089056","2014-03","-62.183","-58.983","48.0","CENTRO MET. ANTARTICO PDTE. E, AY","","","18","4,S","12","4,S","0","4,S","","","","","","","","","","","","","","","","","20140328","+,4,S","","","","","","","8.9","4,,S,28,+","","","","","75.3","4,,,S","","","","","",""
"AYM00089056","2014-04","-62.183","-58.983","48.0","CENTRO MET. ANTARTICO PDTE. E, AY","","","14","5,S","8","5,S","0","5,S","","","","","","","","","","","","","","","","","20140424","+,5,S","","","","","","","7.1","5,,S,24,+","","","","","45.4","5,,,S","","","","","",""
"AYM00089056","2014-06","-62.183","-58.983","48.0","CENTRO MET. ANTARTICO PDTE. E, AY","","","19","1,S","14","1,S","0","1,S","","","","","","","24","4,S","0","4,S","0","4,S","","","","","20140629",",1,S","20140624",",4,S","","","","","17.0","1,,S,29,","0.3","4,S,24,","","","103.0","1,,,S","","","-2.12","4,,,S","",""
"AYM00089056","2014-08","-62.183","-58.983","48.0","CENTRO MET. ANTARTICO PDTE. E, AY","","","9","4,S","8","4,S","0","4,S","","","","","","","","","","","","","","","","","20140812",",4,S","","","","","","","15.0","4,,S,12,","","","","","64.3","4,,,S","","","","","",""
"AYM00089056","2014-10","-62.183","-58.983","48.0","CENTRO MET. ANTARTICO PDTE. E, AY","","","20","4,S","13","4,S","4","4,S","","","","","","","","","","","","","","","","","20141027",",4,S","","","","","","","35.1","4,,S,27,","","","","","232.9","4,,,S","","","","","",""
"AYM00089056","2014-12","-62.183","-58.983","48.0","CENTRO MET. ANTARTICO PDTE. E, AY","","","16","3,S","5","3,S","0","3,S","","","0","4,S","27","4,S","","","","","","","20141202",",4,S","","","20141206",",3,S","","","-4.0","4,S,02,","","","11.9","3,,S,06,","","","","","54.3","3,,,S","","","","","-1.63","4,,,S"
"AYM00089056","2015-02","-62.183","-58.983","48.0","CENTRO MET. ANTARTICO PDTE. E, AY","","","21","1,S","6","1,S","0","1,S","","","0","3,S","13","3,S","","","","","","","20150227",",3,S","","","20150228","+,1,S","","","-5.0","3,S,27,","","","4.1","1,,S,28,+","","","","","34.6","1,,,S","","","","","-0.22","3,,,S"
"AYM00089056","2015-03","-62.183","-58.983","48.0","CENTRO MET. ANTARTICO PDTE. E, AY","","","18","2,S","8","2,S","0","2,S","","","","","","","","","","","","","","","","","20150314",",2,S","","","","","","","15.0","2,,S,14,","","","","","65.3","2,,,S","","","","","",""
"AYM00089056","2015-04","-62.183","-58.983","48.0","CENTRO MET. ANTARTICO PDTE. E, AY","","","12",",S","4",",S","0",",S","","","","","","","","","","","","","","","","","20150420",",,S","","","","","","","4.1",",,S,20,","","","","","20.0",",,,S","","","","","",""
"AYM00089056","2015-05","-62.183","-58.983","48.0","CENTRO MET. ANTARTICO PDTE. E, AY","","","12",",S","9",",S","0",",S","","","","","","","","","","","","","","","","","20150523","+,,S","","","","","","","10.9",",,S,23,+","","","","","57.7",",,,S","","","","","",""
"AYM00089056","2015-06","-62.183","-58.983","48.0","CENTRO MET. ANTARTICO PDTE. E, AY","","","18","1,S","16","1,S","3","1,S","","","","","","","","","","","","","","","","","20150625",",1,S","","","","","","","41.9","1,,S,25,","","","","","215.6","1,,,S","","","","","",""
"AYM00089056","2015-07","-62.183","-58.983","48.0","CENTRO MET. ANTARTICO PDTE. E, AY","","","11","1,S","8","1,S","0","1,S","","","","","","","","","","","","","","","","","20150718",",1,S","","","","","","","21.1","1,,S,18,","","","","","82.3","1,,,S","","","","","",""
"AYM00089056","2015-08","-62.183","-58.983","48.0","CENTRO MET. ANTARTICO PDTE. E, AY","","","12","1,S","5","1,S","0","1,S","","","","","","","","","","","","","","","","","20150807",",1,S","","","","","","","7.1","1,,S,07,","","","","","34.3","1,,,S","","","","","",""
"AYM00089056","2015-09","-62.183","-58.983","48.0","CENTRO MET. ANTARTICO PDTE. E, AY","","","7","3,S","3","3,S","0","3,S","","","","","","","","","","","","","","","","","20150928",",3,S","","","","","","","14.0","3,,S,28,","","","","","28.5","3,,,S","","","","","",""
"AYM00089056","2015-10","-62.183","-58.983","48.0","CENTRO MET. ANTARTICO PDTE. E, AY","","","12","1,S","10","1,S","0","1,S","","","","","","","","","","","","","","","","","20151020",",1,S","","","","","","","23.1","1,,S,20,","","","","","81.9","1,,,S","","","","","",""
"AYM00089056","2015-11","-62.183","-58.983","48.0","CENTRO MET. ANTARTICO PDTE. E, AY","","","18","1,S","9","1,S","0","1,S","","","","","","","","","","","","","","","","","20151116",",1,S","","","","","","","14.0","1,,S,16,","","","","","65.6","1,,,S","","","","","",""
"AYM00089056","2016-02","-62.183","-58.983","48.0","CENTRO MET. ANTARTICO PDTE. E, AY","","","13","3,S","4","3,S","0","3,S","","","","","","","","","","","","","","","","","20160221",",3,S","","","","","","","9.9","3,,S,21,","","","","","29.2","3,,,S","","","","","",""
"AYM00089056","2016-06","-62.183","-58.983","48.0","CENTRO MET. ANTARTICO PDTE. E, AY","","","20","5,S","9","5,S","0","5,S","","","","","","","","","","","","","","","","","20160629",",5,S","","","","","","","20.1","5,,S,29,","","","","","85.9","5,,,S","","","","","",""
"AYM00089056","2016-08","-62.183","-58.983","48.0","CENTRO MET. ANTARTICO PDTE. E, AY","","","15","4,S","12","4,S","0","4,S","","","","","","","","","","","","","","","","","20160830",",4,S","","","","","","","21.1","4,,S,30,","","","","","131.3","4,,,S","","","","","",""
"AYM00089056","2017-02","-62.183","-58.983","48.0","CENTRO MET. ANTARTICO PDTE. E, AY","","","11","2,S","5","2,S","1","2,S","","","","","","","","","","","","","","","","","20170227",",2,S","","","","","","","25.9","2,,S,27,","","","","","66.2","2,,,S","","","","","",""
"AYM00089056","2017-03","-62.183","-58.983","48.0","CENTRO MET. ANTARTICO PDTE. E, AY","","","22",",S","9",",S","0",",S","","","","","","","","","","","","","","","","","20170325",",,S","","","","","","","6.4",",,S,25,","","","","","51.0",",,,S","","","","","",""
"AYM00089056","2017-04","-62.183","-58.983","48.0","CENTRO MET. ANTARTICO PDTE. E, AY","","","19","3,S","11","3,S","1","3,S","","","","","","","","","","","","","","","","","20170419",",3,S","","","","","","","28.2","3,,S,19,","","","","","86.9","3,,,S","","","","","",""
"AYM00089056","2017-09","-62.183","-58.983","48.0","CENTRO MET. ANTARTICO PDTE. E, AY","","","15","3,S","9","3,S","1","3,S","","","","","","","","","","","","","","","","","20170911",",3,S","","","","","","","30.0","3,,S,11,","","","","","85.3","3,,,S","","","","","",""
"AYM00089056","2017-10","-62.183","-58.983","48.0","CENTRO MET. ANTARTICO PDTE. E, AY","","","18","3,S","12","3,S","0","3,S","","","","","","","","","","","","","","","","","20171023",",3,S","","","","","","","23.1","3,,S,23,","","","","","164.8","3,,,S","","","","","",""
"AYM00089056","2017-11","-62.183","-58.983","48.0","CENTRO MET. ANTARTICO PDTE. E, AY","","","19","1,S","11","1,S","0","1,S","","","","","","","","","","","","","","","","","20171119",",1,S","","","","","","","21.1","1,,S,19,","","","","","93.1","1,,,S","","","","","",""
"AYM00089056","2018-02","-62.183","-58.983","48.0","CENTRO MET. ANTARTICO PDTE. E, AY","","","14","5,S","6","5,S","1","5,S","","","","","","","","","","","","","","","","","20180204",",5,S","","","","","","","34.0","5,,S,04,","","","","","75.8","5,,,S","","","","","",""
"AYM00089056","2018-04","-62.183","-58.983","48.0","CENTRO MET. ANTARTICO PDTE. E, AY","","","10","4,S","4","4,S","0","4,S","","","","","","","","","","","","","","","","","20180414",",4,S","","","","","","","7.4","4,,S,14,","","","","","24.0","4,,,S","","","","","",""
"AYM00089056","2018-06","-62.183","-58.983","48.0","CENTRO MET. ANTARTICO PDTE. E, AY","","","8","4,S","6","4,S","0","4,S","","","","","","","","","","","","","","","","","20180615",",4,S","","","","","","","8.1","4,,S,15,","","","","","38.5","4,,,S","","","","","",""
"AYM00089056","2018-10","-62.183","-58.983","48.0","CENTRO MET. ANTARTICO PDTE. E, AY","","","13","4,S","5","4,S","0","4,S","","","","","","","","","","","","","","","","","20181003",",4,S","","","","","","","10.9","4,,S,03,","","","","","38.1","4,,,S","","","","","",""
"AYM00089056","2018-11","-62.183","-58.983","48.0","CENTRO MET. ANTARTICO PDTE. E, AY","","","16","4,S","8","4,S","0","4,S","","","","","","","","","","","","","","","","","20181115",",4,S","","","","","","","14.0","4,,S,15,","","","","","61.8","4,,,S","","","","","",""
"AYM00089056","2018-12","-62.183","-58.983","48.0","CENTRO MET. ANTARTICO PDTE. E, AY","","","13","3,S","4","3,S","0","3,S","","","","","","","","","","","","","","","","","20181206",",3,S","","","","","","","7.1","3,,S,06,","","","","","32.8","3,,,S","","","","","",""
"AYM00089056","2019-01","-62.183","-58.983","48.0","CENTRO MET. ANTARTICO PDTE. E, AY","","","17","2,S","7","2,S","0","2,S","","","","","","","","","","","","","","","","","20190108",",2,S","","","","","","","9.9","2,,S,08,","","","","","45.7","2,,,S","","","","","",""
"AYM00089056","2019-02","-62.183","-58.983","48.0","CENTRO MET. ANTARTICO PDTE. E, AY","","","8","5,S","2","5,S","0","5,S","","","","","","","","","","","","","","","","","20190207",",5,S","","","","","","","7.4","5,,S,07,","","","","","20.9","5,,,S","","","","","",""
"AYM00089056","2019-03","-62.183","-58.983","48.0","CENTRO MET. ANTARTICO PDTE. E, AY","","","20","1,S","7","1,S","0","1,S","","","","","","","","","","","","","","","","","20190325","+,1,S","","","","","","","4.6","1,,S,25,+","","","","","43.8","1,,,S","","","","","",""
"AYM00089056","2019-04","-62.183","-58.983","48.0","CENTRO MET. ANTARTICO PDTE. E, AY","","","15","5,S","7","5,S","0","5,S","","","","","","","","","","","","","","","","","20190417","+,5,S","","","","","","","7.1","5,,S,17,+","","","","","46.0","5,,,S","","","","","",""
"AYM00089056","2019-05","-62.183","-58.983","48.0","CENTRO MET. ANTARTICO PDTE. E, AY","","","17","2,S","6","2,S","0","2,S","","","","","","","","","","","","","","","","","20190522",",2,S","","","","","","","9.9","2,,S,22,","","","","","46.0","2,,,S","","","","","",""
"AYM00089056","2019-06","-62.183","-58.983","48.0","CENTRO MET. ANTARTICO PDTE. E, AY","","","","","","","","","24","1,","","","","","","","","","","","","","20190625",",1,S","","","","","","","320","1,,S,25,","","","","","","","","","","","","","",""
"AYM00089056","2019-08","-62.183","-58.983","48.0","CENTRO MET. ANTARTICO PDTE. E, AY","","","11","5,S","9","5,S","0","5,S","","","","","","","","","","","","","","","","","20190804",",5,S","","","","","","","11.9","5,,S,04,","","","","","60.2","5,,,S","","","","","",""
"AYM00089056","2019-09","-62.183","-58.983","48.0","CENTRO MET. ANTARTICO PDTE. E, AY","","","11","4,S","7","4,S","0","4,S","26","4,","","","","","","","","","","","","","20190929",",4,S","20190901",",4,S","","","","","500","4,,S,29,","21.1","4,,S,01,","","","","","76.4","4,,,S","","","","","",""
"AYM00089056","2019-10","-62.183","-58.983","48.0","CENTRO MET. ANTARTICO PDTE. E, AY","","","","","","","","","28","1,","","","","","","","","","","","","","20191029","+,1,S","","","","","","","500","1,,S,29,+","","","","","","","","","","","","","",""
"AYM00089056","2019-12","-62.183","-58.983","48.0","CENTRO MET. ANTARTICO PDTE. E, AY","","","18",",S","5",",S","0",",S","","","","","","","","","","","","","","","","","20191212",",,S","","","","","","","5.3",",,S,12,","","","","","31.9",",,,S","","","","","",""
"AYM00089056","2020-02","-62.183","-58.983","48.0","CENTRO MET. ANTARTICO PDTE. E, AY","","","11","1,S","5","1,S","0","1,S","","","","","","","","","","","","","","","","","20200212",",1,S","","","","","","","6.1","1,,S,12,","","","","","27.5","1,,,S","","","","","",""
"AYM00089056","2020-04","-62.183","-58.983","48.0","CENTRO MET. ANTARTICO PDTE. E, AY","","","19","2,S","5","2,S","0","2,S","","","","","","","","","","","","","","","","","20200409",",2,S","","","","","","","6.1","2,,S,09,","","","","","42.6","2,,,S","","","","","",""
"AYM00089056","2020-05","-62.183","-58.983","48.0","CENTRO MET. ANTARTICO PDTE. E, AY","","","13","1,S","3","1,S","0","1,S","","","","","","","","","","","","","","","","","20200511",",1,S","","","","","","","7.4","1,,S,11,","","","","","25.2","1,,,S","","","","","",""
"AYM00089056","2020-06","-62.183","-58.983","48.0","CENTRO MET. ANTARTICO PDTE. E, AY","","","11","2,S","6","2,S","0","2,S","","","","","","","","","","","","","","","","","20200606",",2,S","","","","","","","14.0","2,,S,06,","","","","","54.0","2,,,S","","","","","",""
"AYM00089056","2020-07","-62.183","-58.983","48.0","CENTRO MET. ANTARTICO PDTE. E, AY","","","11","3,S","6","3,S","0","3,S","","","","","","","","","","","","","","","","","20200729",",3,S","","","","","","","20.1","3,,S,29,","","","","","55.4","3,,,S","","","","","",""
"AYM00089056","2020-08","-62.183","-58.983","48.0","CENTRO MET. ANTARTICO PDTE. E, AY","","","17","4,S","14","4,S","2","4,S","","","","","","","","","","","","","","","","","20200821",",4,S","","","","","","","32.0","4,,S,21,","","","","","199.3","4,,,S","","","","","",""
"AYM00089056","2020-09","-62.183","-58.983","48.0","CENTRO MET. ANTARTICO PDTE. E, AY","","","18","3,S","9","3,S","0","3,S","24","5,","","","","","","","","","","","","","20200928","+,5,S","20200924",",3,S","","","","","800","5,,S,28,+","15.0","3,,S,24,","","","","","89.1","3,,,S","","","","","",""
"AYM00089056","2020-10","-62.183","-58.983","48.0","CENTRO MET. ANTARTICO PDTE. E, AY","","","16","5,S","13","5,S","0","5,S","","","","","","","","","","","","","","","","","20201011",",5,S","","","","","","","24.9","5,,S,11,","","","","","122.4","5,,,S","","","","","",""
"AYM00089056","2020-11","-62.183","-58.983","48.0","CENTRO MET. ANTARTICO PDTE. E, AY","","","11","4,S","6","4,S","0","4,S","","","","","","","","","","","","","","","","","20201122",",4,S","","","","","","","15.0","4,,S,22,","","","","","48.2","4,,,S","","","","","",""
"AYM00089056","2020-12","-62.183","-58.983","48.0","CENTRO MET. ANTARTICO PDTE. E, AY","","","13","4,S","4","4,S","0","4,S","","","","","","","","","","","","","","","","","20201221",",4,S","","","","","","","6.6","4,,S,21,","","","","","26.6","4,,,S","","","","","",""
"AYM00089056","2021-01","-62.183","-58.983","48.0","CENTRO MET. ANTARTICO PDTE. E, AY","","","14","5,S","4","5,S","0","5,S","","","","","","","","","","","","","","","","","20210120",",5,S","","","","","","","6.1","5,,S,20,","","","","","33.9","5,,,S","","","","","",""
"AYM00089056","2021-03","-62.183","-58.983","48.0","CENTRO MET. ANTARTICO PDTE. E, AY","","","21","1,S","8","1,S","0","1,S","","","","","","","","","","","","","","","","","20210330",",1,S","","","","","","","8.9","1,,S,30,","","","","","47.2","1,,,S","","","","","",""
"AYM00089056","2021-04","-62.183","-58.983","48.0","CENTRO MET. ANTARTICO PDTE. E, AY","","","16","4,S","4","4,S","0","4,S","","","","","","","","","","","","","","","","","20210412",",4,S","","","","","","","20.3","4,,S,12,","","","","","65.7","4,,,S","","","","","",""
"AYM00089056","2021-07","-62.183","-58.983","48.0","CENTRO MET. ANTARTICO PDTE. E, AY","","","11","4,S","6","4,S","0","4,S","","","","","","","","","","","","","","","","","20210730",",4,S","","","","","","","5.1","4,,S,30,","","","","","28.3","4,,,S","","","","","",""
"AYM00089056","2021-08","-62.183","-58.983","48.0","CENTRO MET. ANTARTICO PDTE. E, AY","","","8","4,S","5","4,S","0","4,S","","","","","","","","","","","","","","","","","20210808","+,4,S","","","","","","","4.1","4,,S,08,+","","","","","22.5","4,,,S","","","","","",""
"AYM00089056","2021-09","-62.183","-58.983","48.0","CENTRO MET. ANTARTICO PDTE. E, AY","","","13","5,S","4","5,S","0","5,S","","","","","","","","","","","","","","","","","20210916",",5,S","","","","","","","14.0","5,,S,16,","","","","","42.4","5,,,S","","","","","",""
"AYM00089056","2021-10","-62.183","-58.983","48.0","CENTRO MET. ANTARTICO PDTE. E, AY","","","17","3,S","10","3,S","0","3,S","","","","","","","","","","","","","","","","","20211029","+,3,S","","","","","","","7.1","3,,S,29,+","","","","","53.2","3,,,S","","","","","",""
"AYM00089056","2021-11","-62.183","-58.983","48.0","CENTRO MET. ANTARTICO PDTE. E, AY","","","13","3,S","2","3,S","0","3,S","","","0","3,S","24","3,S","","","","","","","20211121",",3,S","","","20211129","+,3,S","","","-4.0","3,S,21,","","","3.0","3,,S,29,+","","","","","13.2","3,,,S","","","","","-1.41","3,,,S"
"AYM00089056","2021-12","-62.183","-58.983","48.0","CENTRO MET. ANTARTICO PDTE. E, AY","","","15","4,S","0","4,S","0","4,S","","","0","4,","24","4,S","","","","","","","20211220",",4,S","","","20211204",",4,S","","","-1.8","4,S,20,","","","2.3","4,,S,04,","","","","","13.1","4,,,S","","","","","-0.47","4,,,S"
"AYM00089056","2022-01","-62.183","-58.983","48.0","CENTRO MET. ANTARTICO PDTE. E, AY","","","19","2,S","3","2,S","0","2,S","","","0","4,","14","4,S","","","","","","","20220116",",4,S","","","20220131",",2,S","","","-1.2","4,S,16,","","","14.0","2,,S,31,","","","","","35.9","2,,,S","","","","","-0.06","4,,,S"
"AYM00089056","2022-02","-62.183","-58.983","48.0","CENTRO MET. ANTARTICO PDTE. E, AY","","","15","3,S","3","3,S","0","3,S","","","0","2,","16","2,S","","","","","","","20220228",",2,S","","","20220201",",3,S","","","-2.6","2,S,28,","","","5.1","3,,S,01,","","","","","24.3","3,,,S","","","","","-0.28","2,,,S"
"AYM00089056","2022-03","-62.183","-58.983","48.0","CENTRO MET. ANTARTICO PDTE. E, AY","","","13","5,S","2","5,S","0","5,S","","","","","","","","","","","","","","","","","20220329",",5,S","","","","","","","9.9","5,,S,29,","","","","","26.3","5,,,S","","","","","",""
"AYM00089056","2022-04","-62.183","-58.983","48.0","CENTRO MET. ANTARTICO PDTE. E, AY","","","17","5,S","5","5,S","0","5,S","","","","","","","","","","","","","","","","","20220421",",5,S","","","","","","","7.1","5,,S,21,","","","","","36.3","5,,,S","","","","","",""
"AYM00089056","2022-05","-62.183","-58.983","48.0","CENTRO MET. ANTARTICO PDTE. E, AY","","","13","3,S","3","3,S","0","3,S","","","","","","","","","","","","","","","","","20220510","+,3,S","","","","","","","3.0","3,,S,10,+","","","","","17.6","3,,,S","","","","","",""
"AYM00089056","2022-06","-62.183","-58.983","48.0","CENTRO MET. ANTARTICO PDTE. E, AY","","","15","1,S","7","1,S","0","1,S","","","","","","","","","","","","","","","","","20220609",",1,S","","","","","","","18.0","1,,S,09,","","","","","54.8","1,,,S","","","","","",""
"AYM00089056","2022-11","-62.183","-58.983","48.0","CENTRO MET. ANTARTICO PDTE. E, AY","","","23","1,S","3","1,S","0","1,S","","","","","","","","","","","","","","","","","20221119",",1,S","","","","","","","4.6","1,,S,19,","","","","","25.9","1,,,S","","","","","",""
"AYM00089056","2022-12","-62.183","-58.983","48.0","CENTRO MET. ANTARTICO PDTE. E, AY","","","13","1,S","2","1,S","0","1,S","","","","","","","","","","","","","","","","","20221218","+,1,S","","","","","","","5.1","1,,S,18,+","","","","","20.5","1,,,S","","","","","",""
"AYM00089056","2023-01","-62.183","-58.983","48.0","CENTRO MET. ANTARTICO PDTE. E, AY","","","17","3,S","8","3,S","0","3,S","","","","","","","","","","","","","","","","","20230104",",3,S","","","","","","","8.1","3,,S,04,","","","","","45.2","3,,,S","","","","","",""
"AYM00089056","2023-02","-62.183","-58.983","48.0","CENTRO MET. ANTARTICO PDTE. E, AY","","","11","4,S","3","4,S","0","4,S","","","","","","","","","","","","","","","","","20230203",",4,S","","","","","","","5.1","4,,S,03,","","","","","16.9","4,,,S","","","","","",""
"AYM00089056","2023-03","-62.183","-58.983","48.0","CENTRO MET. ANTARTICO PDTE. E, AY","","","13","5,S","5","5,S","0","5,S","","","","","","","","","","","","","","","","","20230301",",5,S","","","","","","","13.2","5,,S,01,","","","","","42.3","5,,,S","","","","","",""
"AYM00089056","2023-04","-62.183","-58.983","48.0","CENTRO MET. ANTARTICO PDTE. E, AY","","","15","5,S","3","5,S","0","5,S","","","","","","","","","","","","","","","","","20230406",",5,S","","","","","","","4.1","5,,S,06,","","","","","20.8","5,,,S","","","","","",""
"AYM00089056","2023-05","-62.183","-58.983","48.0","CENTRO MET. ANTARTICO PDTE. E, AY","","","19","2,S","6","2,S","0","2,S","","","","","","","","","","","","","","","","","20230507",",2,S","","","","","","","11.9","2,,S,07,","","","","","42.7","2,,,S","","","","","",""
"AYM00089056","2023-06","-62.183","-58.983","48.0","CENTRO MET. ANTARTICO PDTE. E, AY","","","13","4,S","5","4,S","0","4,S","","","","","","","","","","","","","","","","","20230619",",4,S","","","","","","","20.1","4,,S,19,","","","","","45.2","4,,,S","","","","","",""
"AYM00089056","2023-07","-62.183","-58.983","48.0","CENTRO MET. ANTARTICO PDTE. E, AY","","","14","4,S","6","4,S","0","4,S","","","","","","","","","","","","","","","","","20230715",",4,S","","","","","","","6.1","4,,S,15,","","","","","39.0","4,,,S","","","","","",""
"AYM00089056","2023-08","-62.183","-58.983","48.0","CENTRO MET. ANTARTICO PDTE. E, AY","","","10","3,S","10","3,S","2","3,S","","","","","","","","","","","","","","","","","20230823",",3,S","","","","","","","33.0","3,,S,23,","","","","","142.4","3,,,S","","","","","",""
"AYM00089056","2023-10","-62.183","-58.983","48.0","CENTRO MET. ANTARTICO PDTE. E, AY","","","11","3,S","3","3,S","0","3,S","","","","","","","","","","","","","","","","","20231025",",3,S","","","","","","","9.4","3,,S,25,","","","","","23.0","3,,,S","","","","","",""
"AYM00089056","2023-11","-62.183","-58.983","48.0","CENTRO MET. ANTARTICO PDTE. E, AY","","","12","2,S","6","2,S","0","2,S","","","","","","","","","","","","","","","","","20231121",",2,S","","","","","","","11.9","2,,S,21,","","","","","42.8","2,,,S","","","","","",""
"AYM00089056","2023-12","-62.183","-58.983","48.0","CENTRO MET. ANTARTICO PDTE. E, AY","","","9","2,S","0","2,S","0","2,S","","","","","","","","","","","","","","","","","20231212",",2,S","","","","","","","1.3","2,,S,12,","","","","","4.7","2,,,S","","","","","",""
"AYM00089056","2024-01","-62.183","-58.983","48.0","CENTRO MET. ANTARTICO PDTE. E, AY","","","18",",S","6",",S","0",",S","","","","","","","","","","","","","","","","","20240127",",,S","","","","","","","16.0",",,S,27,","","","","","51.3",",,,S","","","","","",""
"AYM00089056","2024-02","-62.183","-58.983","48.0","CENTRO MET. ANTARTICO PDTE. E, AY","","","15","2,S","2","2,S","0","2,S","","","","","","","","","","","","","","","","","20240212",",2,S","","","","","","","4.3","2,,S,12,","","","","","19.6","2,,,S","","","","","",""
"AYM00089056","2024-04","-62.183","-58.983","48.0","CENTRO MET. ANTARTICO PDTE. E, AY","","","14","5,S","4","5,S","0","5,S","","","","","","","","","","","","","","","","","20240403",",5,S","","","","","","","6.1","5,,S,03,","","","","","28.5","5,,,S","","","","","",""
"AYM00089056","2024-05","-62.183","-58.983","48.0","CENTRO MET. ANTARTICO PDTE. E, AY","","","8","3,S","3","3,S","0","3,S","","","","","","","","","","","","","","","","","20240521",",3,S","","","","","","","6.1","3,,S,21,","","","","","23.3","3,,,S","","","","","",""
