"STATION","DATE","LATITUDE","LONGITUDE","ELEVATION","NAME","CDSD","CDSD_ATTRIBUTES","CLDD","CLDD_ATTRIBUTES","DP01","DP01_ATTRIBUTES","DP10","DP10_ATTRIBUTES","DP1X","DP1X_ATTRIBUTES","DSND","DSND_ATTRIBUTES","DSNW","DSNW_ATTRIBUTES","DT00","DT00_ATTRIBUTES","DT32","DT32_ATTRIBUTES","DX32","DX32_ATTRIBUTES","DX70","DX70_ATTRIBUTES","DX90","DX90_ATTRIBUTES","DYFG","DYFG_ATTRIBUTES","DYNT","DYNT_ATTRIBUTES","DYSD","DYSD_ATTRIBUTES","DYSN","DYSN_ATTRIBUTES","DYTS","DYTS_ATTRIBUTES","DYXP","DYXP_ATTRIBUTES","DYXT","DYXT_ATTRIBUTES","EMNT","EMNT_ATTRIBUTES","EMSD","EMSD_ATTRIBUTES","EMSN","EMSN_ATTRIBUTES","EMXP","EMXP_ATTRIBUTES","EMXT","EMXT_ATTRIBUTES","HDSD","HDSD_ATTRIBUTES","HTDD","HTDD_ATTRIBUTES","PRCP","PRCP_ATTRIBUTES","SNOW","SNOW_ATTRIBUTES","TAVG","TAVG_ATTRIBUTES","TMAX","TMAX_ATTRIBUTES","TMIN","TMIN_ATTRIBUTES"
"BFW00012712","1951-01","26.61667","-78.36667","6.1","GOLD ROCK CREEK, BF","","","","","","","","","","","","","","","","","","","","","","","","","2","","","","","","","","","","","","","","","","","","","","","","","","","","","","","","","","","","","","",""
"BFW00012712","1951-02","26.61667","-78.36667","6.1","GOLD ROCK CREEK, BF","","","18.4","2,X","5",",X","3",",X","0",",X","0",",X","0",",X","0","1,X","0","1,X","0","1,X","25","1,X","0","1,X","","","19510226",",1,X","19510228","+,,X","19510228","+,,X","1","","19510203",",,X","19510228","+,1,X","8.9","1,X,26,","0",",,X,28,+","0",",,X,28,+","13.2",",,X,03,","25.0","1,X,28,+","","","16.7","1,X","27.4",",,,X","0",",,,X","18.46","2,X","22.90","1,,,X","14.02","1,,,X"
"BFW00012712","1951-03","26.61667","-78.36667","6.1","GOLD ROCK CREEK, BF","","","76.1",",X","5",",X","2",",X","0",",X","0",",X","0",",X","0",",X","0",",X","0",",X","31",",X","0",",X","","","19510317",",,X","19510331","+,,X","19510331","+,,X","2","","19510313",",,X","19510309",",,X","7.2",",X,17,","0",",,X,31,+","0",",,X,31,+","9.7",",,X,13,","27.2",",X,09,","","","8.4",",X","15.4",",,,X","0",",,,X","20.52",",X","24.37",",,,X","16.67",",,,X"
"BFW00012712","1951-04","26.61667","-78.36667","6.1","GOLD ROCK CREEK, BF","","","106.7",",X","14",",X","12",",X","1",",X","0",",X","0",",X","0",",X","0",",X","0",",X","30",",X","0",",X","","","19510406","+,,X","19510430","+,,X","19510430","+,,X","8","","19510420",",,X","19510411",",,X","9.4",",X,06,+","0",",,X,30,+","0",",,X,30,+","33.0",",,X,20,","27.8",",X,11,","","","4.7",",X","143.1",",,,X","0",",,,X","21.73",",X","25.34",",,,X","18.13",",,,X"
"BFW00012712","1951-05","26.61667","-78.36667","6.1","GOLD ROCK CREEK, BF","","","179.4",",X","7",",X","5",",X","1",",X","0",",X","0",",X","0",",X","0",",X","0",",X","31",",X","2",",X","2","","19510516",",,X","19510531","+,,X","19510531","+,,X","4","","19510513",",,X","19510529","+,,X","14.4",",X,16,","0",",,X,31,+","0",",,X,31,+","33.3",",,X,13,","32.2",",X,29,+","","","0.0",",X","70.9",",,,X","0",",,,X","24.12",",X","27.74",",,,X","20.50",",,,X"
"BFW00012712","1951-06","26.61667","-78.36667","6.1","GOLD ROCK CREEK, BF","","","246.1",",X","13",",X","8",",X","1",",X","0",",X","0",",X","0",",X","0",",X","0",",X","30",",X","2",",X","4","","19510604","+,,X","19510630","+,,X","19510630","+,,X","14","","19510615",",,X","19510605",",,X","15.6",",X,04,+","0",",,X,30,+","0",",,X,30,+","65.5",",,X,15,","34.4",",X,05,","","","0.0",",X","188.6",",,,X","0",",,,X","26.54",",X","29.84",",,,X","23.23",",,,X"
"BFW00012712","1951-07","26.61667","-78.36667","6.1","GOLD ROCK CREEK, BF","","","300.3",",X","13",",X","8",",X","2",",X","0",",X","0",",X","0",",X","0",",X","0",",X","31",",X","1",",X","","","19510710","+,,X","19510731","+,,X","19510731","+,,X","16","","19510714",",,X","19510731",",,X","22.8",",X,10,+","0",",,X,31,+","0",",,X,31,+","38.1",",,X,14,","32.2",",X,31,","0.0","X","0.0",",X","104.1",",,,X","0",",,,X","28.02",",X","30.48",",,,X","25.56",",,,X"
"BFW00012712","1951-08","26.61667","-78.36667","6.1","GOLD ROCK CREEK, BF","","","300.3",",X","18",",X","13",",X","4",",X","0",",X","0",",X","0",",X","0",",X","0",",X","31",",X","2",",X","","","19510831","+,,X","19510831","+,,X","19510831","+,,X","17","","19510801",",,X","19510810",",,X","22.2",",X,31,+","0",",,X,31,+","0",",,X,31,+","61.0",",,X,01,","32.8",",X,10,","0.0","X","0.0",",X","259.5",",,,X","0",",,,X","28.02",",X","31.23",",,,X","24.81",",,,X"
"BFW00012712","1951-09","26.61667","-78.36667","6.1","GOLD ROCK CREEK, BF","","","268.4",",X","13",",X","6",",X","1",",X","0",",X","0",",X","0",",X","0",",X","0",",X","30",",X","2",",X","","","19510916",",,X","19510930","+,,X","19510930","+,,X","3","","19510930",",,X","19510919","+,,X","20.6",",X,16,","0",",,X,30,+","0",",,X,30,+","28.4",",,X,30,","32.2",",X,19,+","0.0","X","0.0",",X","103.6",",,,X","0",",,,X","27.28",",X","30.63",",,,X","23.93",",,,X"
"BFW00012712","1951-10","26.61667","-78.36667","6.1","GOLD ROCK CREEK, BF","","","205.3",",X","14",",X","10",",X","4",",X","0",",X","0",",X","0",",X","0",",X","0",",X","31",",X","0",",X","1","","19511031","+,,X","19511031","+,,X","19511031","+,,X","3","","19511002",",,X","19511005","+,,X","18.9",",X,31,+","0",",,X,31,+","0",",,X,31,+","85.3",",,X,02,","31.1",",X,05,+","0.0","X","0.0",",X","321.0",",,,X","0",",,,X","24.96",",X","28.17",",,,X","21.75",",,,X"
"BFW00012712","1951-11","26.61667","-78.36667","6.1","GOLD ROCK CREEK, BF","","","121.2",",X","4",",X","3",",X","0",",X","0",",X","0",",X","0",",X","0",",X","0",",X","27",",X","0",",X","2","","19511119",",,X","19511130","+,,X","19511130","+,,X","1","","19511103",",,X","19511115","+,,X","10.6",",X,19,","0",",,X,30,+","0",",,X,30,+","17.0",",,X,03,","28.9",",X,15,+","5.8","X","5.8",",X","32.3",",,,X","0",",,,X","22.18",",X","25.63",",,,X","18.72",",,,X"
"BFW00012712","1951-12","26.61667","-78.36667","6.1","GOLD ROCK CREEK, BF","","","107.1",",X","4",",X","0",",X","0",",X","0",",X","0",",X","0",",X","0",",X","0",",X","31",",X","0",",X","3","","19511213",",,X","19511231","+,,X","19511231","+,,X","","","19511205",",,X","19511224",",,X","8.9",",X,13,","0",",,X,31,+","0",",,X,31,+","0.8",",,X,05,","27.2",",X,24,","9.7","X","3.9",",X","1.9",",,,X","0",",,,X","21.66",",X","25.12",",,,X","18.21",",,,X"
"BFW00012712","1952-01","26.61667","-78.36667","6.1","GOLD ROCK CREEK, BF","52.8","X","52.8","2,X","6",",X","3",",X","0",",X","0",",X","0",",X","0","1,X","0","1,X","0","1,X","27","1,X","0","1,X","4","","19520108",",1,X","19520131","+,,X","19520131","+,,X","","","19520128",",,X","19520121",",1,X","7.8","1,X,08,","0",",,X,31,+","0",",,X,31,+","12.2",",,X,28,","27.2","1,X,21,","21.9","X","12.2","1,X","29.2",",,,X","0",",,,X","19.73","2,X","24.24","1,,,X","15.22","1,,,X"
"BFW00012712","1952-02","26.61667","-78.36667","6.1","GOLD ROCK CREEK, BF","103.8","X","51.0",",X","7",",X","6",",X","0",",X","0",",X","0",",X","0",",X","0",",X","0",",X","25",",X","0",",X","","","19520210",",,X","19520229","+,,X","19520229","+,,X","1","","19520217",",,X","19520224",",,X","8.9",",X,10,","0",",,X,29,+","0",",,X,29,+","15.7",",,X,17,","26.7",",X,24,","41.5","X","19.6",",X","59.7",",,,X","0",",,,X","19.42",",X","23.62",",,,X","15.21",",,,X"
"BFW00012712","1952-03","26.61667","-78.36667","6.1","GOLD ROCK CREEK, BF","235.3","X","131.5",",X","5",",X","5",",X","1",",X","0",",X","0",",X","0",",X","0",",X","0",",X","29",",X","0",",X","1","","19520318",",,X","19520331","+,,X","19520331","+,,X","3","","19520328",",,X","19520326",",,X","10.0",",X,18,","0",",,X,31,+","0",",,X,31,+","52.1",",,X,28,","28.3",",X,26,","47.3","X","5.8",",X","94.7",",,,X","0",",,,X","22.39",",X","25.46",",,,X","19.32",",,,X"
"BFW00012712","1952-04","26.61667","-78.36667","6.1","GOLD ROCK CREEK, BF","344.7","X","109.4",",X","5",",X","2",",X","2",",X","0",",X","0",",X","0",",X","0",",X","0",",X","30",",X","0",",X","1","","19520408",",,X","19520430","+,,X","19520430","+,,X","3","","19520402",",,X","19520414","+,,X","11.1",",X,08,","0",",,X,30,+","0",",,X,30,+","42.7",",,X,02,","27.8",",X,14,+","49.5","X","2.2",",X","75.3",",,,X","0",",,,X","21.90",",X","25.70",",,,X","18.10",",,,X"
"BFW00012712","1952-05","26.61667","-78.36667","6.1","GOLD ROCK CREEK, BF","543.6","X","198.9",",X","9",",X","6",",X","1",",X","0",",X","0",",X","0",",X","0",",X","0",",X","31",",X","0",",X","1","","19520515","+,,X","19520531","+,,X","19520531","+,,X","2","","19520524",",,X","19520528","+,,X","16.7",",X,15,+","0",",,X,31,+","0",",,X,31,+","27.4",",,X,24,","29.4",",X,28,+","49.5","X","0.0",",X","76.9",",,,X","0",",,,X","24.75",",X","27.74",",,,X","21.75",",,,X"
"BFW00012712","1952-06","26.61667","-78.36667","6.1","GOLD ROCK CREEK, BF","811.2","X","267.6",",X","13",",X","7",",X","0",",X","0",",X","0",",X","0",",X","0",",X","0",",X","30",",X","2",",X","","","19520605",",,X","19520630","+,,X","19520630","+,,X","7","","19520625",",,X","19520626","+,,X","18.3",",X,05,","0",",,X,30,+","0",",,X,30,+","22.4",",,X,25,","32.2",",X,26,+","49.5","X","0.0",",X","82.5",",,,X","0",",,,X","27.25",",X","30.42",",,,X","24.09",",,,X"
"BFW00012712","1952-07","26.61667","-78.36667","6.1","GOLD ROCK CREEK, BF","1114.7","X","303.5",",X","12",",X","8",",X","0",",X","0",",X","0",",X","0",",X","0",",X","0",",X","31",",X","4",",X","","","19520719","+,,X","19520731","+,,X","19520731","+,,X","13","","19520703",",,X","19520730","+,,X","23.3",",X,19,+","0",",,X,31,+","0",",,X,31,+","20.8",",,X,03,","32.8",",X,30,+","0.0","X","0.0",",X","74.7",",,,X","0",",,,X","28.12",",X","31.12",",,,X","25.13",",,,X"
"BFW00012712","1952-08","26.61667","-78.36667","6.1","GOLD ROCK CREEK, BF","1401.8","X","287.1",",X","24",",X","17",",X","3",",X","0",",X","0",",X","0",",X","0",",X","0",",X","31",",X","5",",X","","","19520804",",,X","19520831","+,,X","19520831","+,,X","23","","19520804",",,X","19520828","+,,X","22.2",",X,04,","0",",,X,31,+","0",",,X,31,+","72.6",",,X,04,","32.2",",X,28,+","0.0","X","0.0",",X","321.0",",,,X","0",",,,X","27.59",",X","31.05",",,,X","24.14",",,,X"
"BFW00012712","1952-09","26.61667","-78.36667","6.1","GOLD ROCK CREEK, BF","1657.0","X","255.2",",X","20",",X","17",",X","4",",X","0",",X","0",",X","0",",X","0",",X","0",",X","30",",X","0",",X","","","19520916",",,X","19520930","+,,X","19520930","+,,X","5","","19520905",",,X","19520927","+,,X","20.0",",X,16,","0",",,X,30,+","0",",,X,30,+","42.9",",,X,05,","31.1",",X,27,+","0.0","X","0.0",",X","232.4",",,,X","0",",,,X","26.84",",X","30.20",",,,X","23.48",",,,X"
"BFW00012712","1952-10","26.61667","-78.36667","6.1","GOLD ROCK CREEK, BF","1873.7","X","216.7",",X","23",",X","17",",X","10",",X","0",",X","0",",X","0",",X","0",",X","0",",X","31",",X","0",",X","","","19521029",",,X","19521031","+,,X","19521031","+,,X","6","","19521015",",,X","19521019","+,,X","18.3",",X,29,","0",",,X,31,+","0",",,X,31,+","74.2",",,X,15,","30.6",",X,19,+","0.0","X","0.0",",X","537.5",",,,X","0",",,,X","25.32",",X","28.13",",,,X","22.52",",,,X"
"BFW00012712","1952-11","26.61667","-78.36667","6.1","GOLD ROCK CREEK, BF","1960.5","X","86.8","2,X","6","2,X","4","2,X","0","2,X","0","2,X","0","2,X","0","2,X","0","2,X","0","2,X","27","2,X","0","2,X","2","","19521122",",2,X","19521130","+,2,X","19521130","+,2,X","1","","19521120",",2,X","19521111",",2,X","9.4","2,X,22,","0","2,,X,30,+","0","2,,X,30,+","23.6","2,,X,20,","28.3","2,X,11,","6.9","X","6.9","2,X","52.7","2,,,X","0","2,,,X","21.18","2,X","25.35","2,,,X","17.02","2,,,X"
"BFW00012712","1953-01","26.61667","-78.36667","6.1","GOLD ROCK CREEK, BF","58.8","X","58.8",",X","7",",X","4",",X","1",",X","0",",X","0",",X","0",",X","0",",X","0",",X","25",",X","0",",X","2","","19530105",",,X","19530131","+,,X","19530131","+,,X","1","","19530131",",,X","19530131","+,,X","3.9",",X,05,","0",",,X,31,+","0",",,X,31,+","34.5",",,X,31,","25.6",",X,31,+","","","31.1",",X","70.6",",,,X","0",",,,X","19.23",",X","22.95",",,,X","15.50",",,,X"
"BFW00012712","1953-02","26.61667","-78.36667","6.1","GOLD ROCK CREEK, BF","115.6","X","56.8",",X","5",",X","4",",X","1",",X","0",",X","0",",X","0",",X","0",",X","0",",X","26",",X","0",",X","1","","19530216",",,X","19530228","+,,X","19530228","+,,X","3","","19530208",",,X","19530223",",,X","10.0",",X,16,","0",",,X,28,+","0",",,X,28,+","47.5",",,X,08,","26.7",",X,23,","","","7.2",",X","82.6",",,,X","0",",,,X","20.11",",X","23.88",",,,X","16.33",",,,X"
"BFW00012712","1953-03","26.61667","-78.36667","6.1","GOLD ROCK CREEK, BF","238.0","X","122.4",",X","6",",X","5",",X","1",",X","0",",X","0",",X","0",",X","0",",X","0",",X","31",",X","0",",X","","","19530331","+,,X","19530331","+,,X","19530331","+,,X","3","","19530324",",,X","19530317",",,X","10.0",",X,31,+","0",",,X,31,+","0",",,X,31,+","49.0",",,X,24,","28.9",",X,17,","","","6.1",",X","110.1",",,,X","0",",,,X","22.09",",X","26.19",",,,X","17.98",",,,X"
"BFW00012712","1953-04","26.61667","-78.36667","6.1","GOLD ROCK CREEK, BF","372.9","X","134.9",",X","4",",X","2",",X","0",",X","0",",X","0",",X","0",",X","0",",X","0",",X","30",",X","0",",X","","","19530421",",,X","19530430","+,,X","19530430","+,,X","3","","19530416",",,X","19530408",",,X","12.8",",X,21,","0",",,X,30,+","0",",,X,30,+","9.1",",,X,16,","29.4",",X,08,","","","0.3",",X","19.8",",,,X","0",",,,X","22.82",",X","26.63",",,,X","19.01",",,,X"
"BFW00012712","1953-05","26.61667","-78.36667","6.1","GOLD ROCK CREEK, BF","591.8","X","218.9",",X","3",",X","3",",X","1",",X","0",",X","0",",X","0",",X","0",",X","0",",X","31",",X","0",",X","2","","19530512",",,X","19530531","+,,X","19530531","+,,X","3","","19530508",",,X","19530526",",,X","14.4",",X,12,","0",",,X,31,+","0",",,X,31,+","25.9",",,X,08,","31.1",",X,26,","","","0.0",",X","52.5",",,,X","0",",,,X","25.39",",X","28.84",",,,X","21.95",",,,X"
"BFW00012712","1953-06","26.61667","-78.36667","6.1","GOLD ROCK CREEK, BF","832.1","X","240.3",",X","12",",X","7",",X","2",",X","0",",X","0",",X","0",",X","0",",X","0",",X","30",",X","0",",X","","","19530610",",,X","19530630","+,,X","19530630","+,,X","7","","19530626",",,X","19530618",",,X","18.9",",X,10,","0",",,X,30,+","0",",,X,30,+","38.9",",,X,26,","31.1",",X,18,","","","0.0",",X","123.6",",,,X","0",",,,X","26.34",",X","29.32",",,,X","23.36",",,,X"
"BFW00012712","1953-07","26.61667","-78.36667","6.1","GOLD ROCK CREEK, BF","1112.6","X","280.5",",X","14",",X","10",",X","3",",X","0",",X","0",",X","0",",X","0",",X","0",",X","31",",X","0",",X","","","19530722",",,X","19530731","+,,X","19530731","+,,X","9","","19530725",",,X","19530731","+,,X","20.6",",X,22,","0",",,X,31,+","0",",,X,31,+","64.3",",,X,25,","31.7",",X,31,+","0.0","X","0.0",",X","211.5",",,,X","0",",,,X","27.38",",X","30.59",",,,X","24.17",",,,X"
"BFW00012712","1953-08","26.61667","-78.36667","6.1","GOLD ROCK CREEK, BF","1406.7","X","294.1",",X","14",",X","10",",X","2",",X","0",",X","0",",X","0",",X","0",",X","0",",X","31",",X","2",",X","2","","19530829",",,X","19530831","+,,X","19530831","+,,X","4","","19530829",",,X","19530826","+,,X","22.2",",X,29,","0",",,X,31,+","0",",,X,31,+","106.7",",,X,29,","32.2",",X,26,+","0.0","X","0.0",",X","196.6",",,,X","0",",,,X","27.82",",X","30.72",",,,X","24.92",",,,X"
"BFW00012712","1953-09","26.61667","-78.36667","6.1","GOLD ROCK CREEK, BF","1675.0","X","268.3",",X","17",",X","10",",X","2",",X","0",",X","0",",X","0",",X","0",",X","0",",X","30",",X","0",",X","","","19530922","+,,X","19530930","+,,X","19530930","+,,X","5","","19530919",",,X","19530916","+,,X","22.8",",X,22,+","0",",,X,30,+","0",",,X,30,+","35.6",",,X,19,","31.7",",X,16,+","0.0","X","0.0",",X","165.2",",,,X","0",",,,X","27.28",",X","30.41",",,,X","24.14",",,,X"
"BFW00012712","1953-10","26.61667","-78.36667","6.1","GOLD ROCK CREEK, BF","1841.6","X","166.6",",X","16",",X","11",",X","4",",X","0",",X","0",",X","0",",X","0",",X","0",",X","31",",X","0",",X","1","","19531030",",,X","19531031","+,,X","19531031","+,,X","5","","19531004",",,X","19531006",",,X","11.1",",X,30,","0",",,X,31,+","0",",,X,31,+","127.5",",,X,04,","31.1",",X,06,","1.7","X","1.7",",X","425.3",",,,X","0",",,,X","23.65",",X","27.31",",,,X","20.00",",,,X"
"BFW00012712","1953-11","26.61667","-78.36667","6.1","GOLD ROCK CREEK, BF","1949.3","X","107.7",",X","9",",X","6",",X","1",",X","0",",X","0",",X","0",",X","0",",X","0",",X","30",",X","0",",X","","","19531128",",,X","19531130","+,,X","19531130","+,,X","1","","19531112",",,X","19531121","+,,X","7.8",",X,28,","0",",,X,30,+","0",",,X,30,+","57.2",",,X,12,","27.8",",X,21,+","10.5","X","8.8",",X","114.7",",,,X","0",",,,X","21.63",",X","25.80",",,,X","17.46",",,,X"
"BFW00012712","1953-12","26.61667","-78.36667","6.1","GOLD ROCK CREEK, BF","","","","","","","","","","","0",",X","0",",X","","","","","","","","","","","2","","","","19531231","+,,X","19531231","+,,X","","","","","","","","","0",",,X,31,+","0",",,X,31,+","","","","","","","","","","","0",",,,X","","","","","",""
"BFW00012712","1954-01","26.61667","-78.36667","6.1","GOLD ROCK CREEK, BF","43.4","X","43.4","3,X","4","3,X","3","3,X","0","3,X","0",",X","0",",X","0","3,X","0","3,X","0","3,X","25","3,X","0","3,X","1","","19540108",",3,X","19540131","+,,X","19540131","+,,X","1","","19540111",",3,X","19540122",",3,X","8.3","3,X,08,","0",",,X,31,+","0",",,X,31,+","17.0","3,,X,11,","26.1","3,X,22,","","","15.6","3,X","27.4","3,,,X","0",",,,X","19.32","3,X","23.79","3,,,X","14.86","3,,,X"
"BFW00012712","1954-02","26.61667","-78.36667","6.1","GOLD ROCK CREEK, BF","76.8","X","33.4",",X","8",",X","4",",X","1",",X","0",",X","0",",X","0",",X","0",",X","0",",X","27",",X","0",",X","3","","19540207",",,X","19540228","+,,X","19540228","+,,X","3","","19540228",",,X","19540218","+,,X","6.7",",X,07,","0",",,X,28,+","0",",,X,28,+","29.7",",,X,28,","25.6",",X,18,+","","","24.6",",X","71.6",",,,X","0",",,,X","18.65",",X","23.03",",,,X","14.26",",,,X"
"BFW00012712","1954-03","26.61667","-78.36667","6.1","GOLD ROCK CREEK, BF","143.9","X","67.1",",X","8",",X","6",",X","2",",X","0",",X","0",",X","0",",X","0",",X","0",",X","25",",X","0",",X","1","","19540302",",,X","19540331","+,,X","19540331","+,,X","4","","19540309",",,X","19540331","+,,X","7.2",",X,02,","0",",,X,31,+","0",",,X,31,+","94.2",",,X,09,","26.7",",X,31,+","","","26.2",",X","206.0",",,,X","0",",,,X","19.65",",X","23.61",",,,X","15.70",",,,X"
"BFW00012712","1954-04","26.61667","-78.36667","6.1","GOLD ROCK CREEK, BF","311.6","X","167.7",",X","10",",X","8",",X","1",",X","0",",X","0",",X","0",",X","0",",X","0",",X","30",",X","0",",X","","","19540427","+,,X","19540430","+,,X","19540430","+,,X","9","","19540408",",,X","19540429",",,X","18.9",",X,27,+","0",",,X,30,+","0",",,X,30,+","105.2",",,X,08,","28.3",",X,29,","","","0.0",",X","178.1",",,,X","0",",,,X","23.92",",X","26.68",",,,X","21.17",",,,X"
"BFW00012712","1954-05","26.61667","-78.36667","6.1","GOLD ROCK CREEK, BF","506.5","X","194.9",",X","15",",X","10",",X","4",",X","0",",X","0",",X","0",",X","0",",X","0",",X","31",",X","0",",X","","","19540524",",,X","19540531","+,,X","19540531","+,,X","10","","19540527",",,X","19540518",",,X","17.2",",X,24,","0",",,X,31,+","0",",,X,31,+","36.6",",,X,27,","30.0",",X,18,","","","0.0",",X","190.1",",,,X","0",",,,X","24.62",",X","28.11",",,,X","21.13",",,,X"
"BFW00012712","1954-06","26.61667","-78.36667","6.1","GOLD ROCK CREEK, BF","737.8","X","231.3",",X","19",",X","15",",X","5",",X","0",",X","0",",X","0",",X","0",",X","0",",X","30",",X","0",",X","","","19540610","+,,X","19540630","+,,X","19540630","+,,X","12","","19540614",",,X","19540629",",,X","19.4",",X,10,+","0",",,X,30,+","0",",,X,30,+","68.6",",,X,14,","31.1",",X,29,","","","0.0",",X","369.8",",,,X","0",",,,X","26.04",",X","29.33",",,,X","22.75",",,,X"
"BFW00012712","1954-07","26.61667","-78.36667","6.1","GOLD ROCK CREEK, BF","1012.6","X","274.8",",X","13",",X","8",",X","1",",X","0",",X","0",",X","0",",X","0",",X","0",",X","31",",X","0",",X","","","19540730","+,,X","19540731","+,,X","19540731","+,,X","19","","19540708",",,X","19540725","+,,X","21.1",",X,30,+","0",",,X,31,+","0",",,X,31,+","27.2",",,X,08,","31.7",",X,25,+","0.0","X","0.0",",X","111.8",",,,X","0",",,,X","27.20",",X","30.44",",,,X","23.95",",,,X"
"BFW00012712","1954-08","26.61667","-78.36667","6.1","GOLD ROCK CREEK, BF","1303.5","X","290.9",",X","14",",X","11",",X","1",",X","0",",X","0",",X","0",",X","0",",X","0",",X","31",",X","3",",X","","","19540802",",,X","19540831","+,,X","19540831","+,,X","17","","19540831",",,X","19540827","+,,X","21.1",",X,02,","0",",,X,31,+","0",",,X,31,+","48.0",",,X,31,","32.2",",X,27,+","0.0","X","0.0",",X","161.9",",,,X","0",",,,X","27.72",",X","31.06",",,,X","24.37",",,,X"
"BFW00012712","1954-09","26.61667","-78.36667","6.1","GOLD ROCK CREEK, BF","1564.5","X","261.0",",X","22",",X","16",",X","3",",X","0",",X","0",",X","0",",X","0",",X","0",",X","30",",X","1",",X","","","19540922","+,,X","19540930","+,,X","19540930","+,,X","9","","19540902",",,X","19540910",",,X","21.7",",X,22,+","0",",,X,30,+","0",",,X,30,+","52.6",",,X,02,","32.2",",X,10,","0.0","X","0.0",",X","191.8",",,,X","0",",,,X","27.03",",X","30.29",",,,X","23.78",",,,X"
"BFW00012712","1954-10","26.61667","-78.36667","6.1","GOLD ROCK CREEK, BF","1757.0","X","192.5",",X","11",",X","4",",X","2",",X","0",",X","0",",X","0",",X","0",",X","0",",X","31",",X","1",",X","","","19541021",",,X","19541031","+,,X","19541031","+,,X","2","","19541014",",,X","19541003",",,X","16.1",",X,21,","0",",,X,31,+","0",",,X,31,+","34.3",",,X,14,","32.2",",X,03,","0.0","X","0.0",",X","92.0",",,,X","0",",,,X","24.54",",X","28.06",",,,X","21.02",",,,X"
"BFW00012712","1954-11","26.61667","-78.36667","6.1","GOLD ROCK CREEK, BF","1830.6","X","73.6",",X","7",",X","5",",X","1",",X","0",",X","0",",X","0",",X","0",",X","0",",X","30",",X","0",",X","5","","19541127",",,X","19541130","+,,X","19541130","+,,X","","","19541114",",,X","19541129","+,,X","9.4",",X,27,","0",",,X,30,+","0",",,X,30,+","57.2",",,X,14,","28.3",",X,29,+","6.4","X","6.4",",X","83.4",",,,X","0",",,,X","20.57",",X","25.47",",,,X","15.67",",,,X"
"BFW00012712","1954-12","26.61667","-78.36667","6.1","GOLD ROCK CREEK, BF","1854.3","X","23.7",",X","6",",X","2",",X","0",",X","0",",X","0",",X","0",",X","0",",X","0",",X","26",",X","0",",X","1","","19541223",",,X","19541231","+,,X","19541231","+,,X","1","","19541206",",,X","19541218",",,X","3.3",",X,23,","0",",,X,31,+","0",",,X,31,+","22.9",",,X,06,","26.7",",X,18,","68.0","X","61.6",",X","31.6",",,,X","0",",,,X","17.11",",X","22.76",",,,X","11.46",",,,X"
"BFW00012712","1955-01","26.61667","-78.36667","6.1","GOLD ROCK CREEK, BF","30.5","X","30.5",",X","7",",X","5",",X","0",",X","0","1,X","0",",X","0",",X","0",",X","0",",X","23",",X","0",",X","","","19550115",",,X","19550131","+,1,X","19550131","+,,X","2","","19550117",",,X","19550111","+,,X","5.6",",X,15,","0","1,,X,31,+","0",",,X,31,+","18.5",",,X,17,","26.7",",X,11,+","109.3","X","41.3",",X","47.2",",,,X","0",",,,X","17.98",",X","22.78",",,,X","13.19",",,,X"
"BFW00012712","1955-02","26.61667","-78.36667","6.1","GOLD ROCK CREEK, BF","64.3","X","33.8",",X","6",",X","4",",X","1",",X","0",",X","0",",X","0",",X","0",",X","0",",X","24",",X","0",",X","","","19550201",",,X","19550228","+,,X","19550228","+,,X","2","","19550217",",,X","19550211",",,X","8.3",",X,01,","0",",,X,28,+","0",",,X,28,+","178.3",",,X,17,","26.1",",X,11,","129.6","X","20.3",",X","205.3",",,,X","0",",,,X","18.82",",X","22.75",",,,X","14.88",",,,X"
"BFW00012712","1955-03","26.61667","-78.36667","6.1","GOLD ROCK CREEK, BF","168.5","X","104.2",",X","7",",X","5",",X","1",",X","0",",X","0",",X","0",",X","0",",X","0",",X","29",",X","0",",X","1","","19550309",",,X","19550331","+,,X","19550331","+,,X","4","","19550325",",,X","19550326","+,,X","10.0",",X,09,","0",",,X,31,+","0",",,X,31,+","45.7",",,X,25,","27.8",",X,26,+","134.1","X","4.5",",X","81.1",",,,X","0",",,,X","21.55",",X","25.41",",,,X","17.69",",,,X"
"BFW00012712","1955-04","26.61667","-78.36667","6.1","GOLD ROCK CREEK, BF","285.8","X","117.3",",X","7",",X","2",",X","0",",X","0",",X","0",",X","0",",X","0",",X","0",",X","30",",X","0",",X","3","","19550401",",,X","19550430","+,,X","19550430","+,,X","6","","19550403",",,X","19550425",",,X","10.0",",X,01,","0",",,X,30,+","0",",,X,30,+","10.4",",,X,03,","28.9",",X,25,","136.0","X","1.9",",X","25.7",",,,X","0",",,,X","22.18",",X","26.30",",,,X","18.06",",,,X"
"BFW00012712","1955-05","26.61667","-78.36667","6.1","GOLD ROCK CREEK, BF","469.4","X","183.6",",X","8",",X","3",",X","1",",X","0",",X","0",",X","0",",X","0",",X","0",",X","31",",X","0",",X","","","19550503","+,,X","19550531","+,,X","19550531","+,,X","6","","19550515",",,X","19550530","+,,X","15.0",",X,03,+","0",",,X,31,+","0",",,X,31,+","44.2",",,X,15,","29.4",",X,30,+","136.0","X","0.0",",X","66.4",",,,X","0",",,,X","24.26",",X","27.81",",,,X","20.70",",,,X"
"BFW00012712","1955-06","26.61667","-78.36667","6.1","GOLD ROCK CREEK, BF","713.4","X","244.0",",X","12",",X","7",",X","4",",X","0",",X","0",",X","0",",X","0",",X","0",",X","30",",X","0",",X","6","","19550604",",,X","19550630","+,,X","19550630","+,,X","11","","19550616",",,X","19550629","+,,X","17.2",",X,04,","0",",,X,30,+","0",",,X,30,+","36.1",",,X,16,","31.1",",X,29,+","136.0","X","0.0",",X","147.3",",,,X","0",",,,X","26.47",",X","29.25",",,,X","23.68",",,,X"
"BFW00012712","1955-07","26.61667","-78.36667","6.1","GOLD ROCK CREEK, BF","970.3","X","256.9",",X","18",",X","12",",X","1",",X","0",",X","0",",X","0",",X","0",",X","0",",X","31",",X","0",",X","","","19550717","+,,X","19550731","+,,X","19550731","+,,X","12","","19550706",",,X","19550731","+,,X","20.6",",X,17,+","0",",,X,31,+","0",",,X,31,+","59.9",",,X,06,","31.1",",X,31,+","0.0","X","0.0",",X","154.2",",,,X","0",",,,X","26.62",",X","30.03",",,,X","23.21",",,,X"
"BFW00012712","1955-08","26.61667","-78.36667","6.1","GOLD ROCK CREEK, BF","1254.6","X","284.3",",X","17",",X","10",",X","3",",X","0",",X","0",",X","0",",X","0",",X","0",",X","31",",X","3",",X","","","19550828",",,X","19550831","+,,X","19550831","+,,X","11","","19550828",",,X","19550809",",,X","21.1",",X,28,","0",",,X,31,+","0",",,X,31,+","29.7",",,X,28,","32.8",",X,09,","0.0","X","0.0",",X","163.6",",,,X","0",",,,X","27.50",",X","30.73",",,,X","24.28",",,,X"
"BFW00012712","1955-09","26.61667","-78.36667","6.1","GOLD ROCK CREEK, BF","1518.8","X","264.2",",X","16",",X","11",",X","3",",X","0",",X","0",",X","0",",X","0",",X","0",",X","30",",X","0",",X","","","19550921",",,X","19550930","+,,X","19550930","+,,X","6","","19550909",",,X","19550921","+,,X","20.6",",X,21,","0",",,X,30,+","0",",,X,30,+","33.5",",,X,09,","31.7",",X,21,+","0.0","X","0.0",",X","144.5",",,,X","0",",,,X","27.14",",X","30.54",",,,X","23.74",",,,X"
"BFW00012712","1955-10","26.61667","-78.36667","6.1","GOLD ROCK CREEK, BF","1691.6","X","172.8",",X","12",",X","9",",X","2",",X","0",",X","0",",X","0",",X","0",",X","0",",X","31",",X","0",",X","","","19551020","+,,X","19551031","+,,X","19551031","+,,X","4","","19551012",",,X","19551012","+,,X","13.9",",X,20,+","0",",,X,31,+","0",",,X,31,+","28.7",",,X,12,","30.0",",X,12,+","0.0","X","0.0",",X","108.1",",,,X","0",",,,X","23.91",",X","27.99",",,,X","19.82",",,,X"
"BFW00012712","1955-11","26.61667","-78.36667","6.1","GOLD ROCK CREEK, BF","1785.0","X","93.4",",X","3",",X","2",",X","0",",X","0",",X","0",",X","0",",X","0",",X","0",",X","30",",X","0",",X","","","19551105",",,X","19551130","+,,X","19551130","+,,X","1","","19551128",",,X","19551117",",,X","12.2",",X,05,","0",",,X,30,+","0",",,X,30,+","9.1",",,X,28,","28.9",",X,17,","0.3","X","0.3",",X","14.2",",,,X","0",",,,X","21.44",",X","26.17",",,,X","16.71",",,,X"
"BFW00012712","1955-12","26.61667","-78.36667","6.1","GOLD ROCK CREEK, BF","","","","","9",",X","8",",X","1",",X","0",",X","0",",X","","","","","","","","","","","","","","","19551231","+,,X","19551231","+,,X","3","","19551214",",,X","","","","","0",",,X,31,+","0",",,X,31,+","25.9",",,X,14,","","","","","","","80.2",",,,X","0",",,,X","","","","","",""
"BFW00012712","1956-01","26.61667","-78.36667","6.1","GOLD ROCK CREEK, BF","24.4","X","24.4","1,X","7",",X","3",",X","1",",X","0",",X","0",",X","0","1,X","0","1,X","0","1,X","19","1,X","0","1,X","2","","19560116",",1,X","19560131","+,,X","19560131","+,,X","1","","19560121",",,X","19560124",",1,X","6.1","1,X,16,","0",",,X,31,+","0",",,X,31,+","28.2",",,X,21,","26.1","1,X,24,","","","67.3","1,X","43.8",",,,X","0",",,,X","16.91","1,X","21.49","1,,,X","12.32","1,,,X"
"BFW00012712","1956-02","26.61667","-78.36667","6.1","GOLD ROCK CREEK, BF","128.1","X","103.7",",X","5",",X","4",",X","2",",X","0",",X","0",",X","0",",X","0",",X","0",",X","29",",X","0",",X","","","19560223",",,X","19560229","+,,X","19560229","+,,X","","","19560212",",,X","19560228",",,X","8.3",",X,23,","0",",,X,29,+","0",",,X,29,+","31.8",",,X,12,","26.7",",X,28,","","","10.8",",X","68.9",",,,X","0",",,,X","21.54",",X","24.59",",,,X","18.49",",,,X"
"BFW00012712","1956-03","26.61667","-78.36667","6.1","GOLD ROCK CREEK, BF","217.8","X","89.7",",X","6",",X","3",",X","1",",X","0",",X","0",",X","0",",X","0",",X","0",",X","29",",X","0",",X","","","19560327",",,X","19560331","+,,X","19560331","+,,X","","","19560309",",,X","19560315",",,X","8.3",",X,27,","0",",,X,31,+","0",",,X,31,+","34.0",",,X,09,","27.8",",X,15,","","","18.4",",X","52.4",",,,X","0",",,,X","20.63",",X","24.51",",,,X","16.76",",,,X"
"BFW00012712","1956-04","26.61667","-78.36667","6.1","GOLD ROCK CREEK, BF","332.3","X","114.5",",X","7",",X","3",",X","0",",X","0",",X","0",",X","0",",X","0",",X","0",",X","30",",X","0",",X","","","19560420","+,,X","19560430","+,,X","19560430","+,,X","1","","19560428",",,X","19560430","+,,X","12.2",",X,20,+","0",",,X,30,+","0",",,X,30,+","11.9",",,X,28,","28.3",",X,30,+","","","0.0",",X","25.1",",,,X","0",",,,X","22.15",",X","26.06",",,,X","18.24",",,,X"
"BFW00012712","1956-05","26.61667","-78.36667","6.1","GOLD ROCK CREEK, BF","542.4","X","210.1",",X","6",",X","4",",X","1",",X","0",",X","0",",X","0",",X","0",",X","0",",X","31",",X","0",",X","","","19560524",",,X","19560531","+,,X","19560531","+,,X","4","","19560527",",,X","19560516",",,X","17.2",",X,24,","0",",,X,31,+","0",",,X,31,+","26.9",",,X,27,","31.1",",X,16,","","","0.0",",X","63.2",",,,X","0",",,,X","25.11",",X","28.50",",,,X","21.72",",,,X"
"BFW00012712","1956-06","26.61667","-78.36667","6.1","GOLD ROCK CREEK, BF","781.9","X","239.5",",X","10",",X","3",",X","2",",X","0",",X","0",",X","0",",X","0",",X","0",",X","30",",X","0",",X","","","19560609","+,,X","19560630","+,,X","19560630","+,,X","12","","19560607",",,X","19560627","+,,X","18.3",",X,09,+","0",",,X,30,+","0",",,X,30,+","31.8",",,X,07,","31.1",",X,27,+","","","0.0",",X","77.3",",,,X","0",",,,X","26.32",",X","29.82",",,,X","22.82",",,,X"
"BFW00012712","1956-07","26.61667","-78.36667","6.1","GOLD ROCK CREEK, BF","1085.2","X","303.3",",X","11",",X","6",",X","0",",X","0",",X","0",",X","0",",X","0",",X","0",",X","31",",X","3",",X","","","19560726",",,X","19560731","+,,X","19560731","+,,X","13","","19560723",",,X","19560722","+,,X","22.2",",X,26,","0",",,X,31,+","0",",,X,31,+","8.6",",,X,23,","32.2",",X,22,+","0.0","X","0.0",",X","34.1",",,,X","0",",,,X","28.12",",X","31.05",",,,X","25.18",",,,X"
"BFW00012712","1956-08","26.61667","-78.36667","6.1","GOLD ROCK CREEK, BF","1371.5","X","286.3",",X","13",",X","9",",X","4",",X","0",",X","0",",X","0",",X","0",",X","0",",X","31",",X","8",",X","","","19560818","+,,X","19560831","+,,X","19560831","+,,X","19","","19560820",",,X","19560807","+,,X","21.7",",X,18,+","0",",,X,31,+","0",",,X,31,+","54.4",",,X,20,","32.8",",X,07,+","0.0","X","0.0",",X","210.5",",,,X","0",",,,X","27.57",",X","31.43",",,,X","23.71",",,,X"
"BFW00012712","1956-09","26.61667","-78.36667","6.1","GOLD ROCK CREEK, BF","1621.6","X","250.1",",X","17",",X","11",",X","3",",X","0",",X","0",",X","0",",X","0",",X","0",",X","30",",X","0",",X","","","19560930","+,,X","19560930","+,,X","19560930","+,,X","12","","19560906",",,X","19560917",",,X","21.7",",X,30,+","0",",,X,30,+","0",",,X,30,+","33.0",",,X,06,","31.7",",X,17,","0.0","X","0.0",",X","194.6",",,,X","0",",,,X","26.67",",X","30.05",",,,X","23.29",",,,X"
"BFW00012712","1956-10","26.61667","-78.36667","6.1","GOLD ROCK CREEK, BF","1821.9","X","200.3",",X","17",",X","9",",X","2",",X","0",",X","0",",X","0",",X","0",",X","0",",X","31",",X","0",",X","","","19561030","+,,X","19561031","+,,X","19561031","+,,X","4","","19561015",",,X","19561005","+,,X","16.7",",X,30,+","0",",,X,31,+","0",",,X,31,+","114.0",",,X,15,","31.1",",X,05,+","0.0","X","0.0",",X","215.9",",,,X","0",",,,X","24.80",",X","28.73",",,,X","20.86",",,,X"
"BFW00012712","1956-11","26.61667","-78.36667","6.1","GOLD ROCK CREEK, BF","1913.9","X","92.0",",X","10",",X","3",",X","0",",X","0",",X","0",",X","0",",X","0",",X","0",",X","28",",X","0",",X","1","","19561128",",,X","19561130","+,,X","19561130","+,,X","","","19561119",",,X","19561115",",,X","6.7",",X,28,","0",",,X,30,+","0",",,X,30,+","23.1",",,X,19,","28.3",",X,15,","20.3","X","20.3",",X","46.6",",,,X","0",",,,X","20.72",",X","25.03",",,,X","16.41",",,,X"
"BFW00012712","1956-12","26.61667","-78.36667","6.1","GOLD ROCK CREEK, BF","","","","","2",",X","1",",X","1",",X","0",",X","0",",X","","","","","","","","","","","","","","","19561231","+,,X","19561231","+,,X","","","19561216",",,X","","","","","0",",,X,31,+","0",",,X,31,+","32.3",",,X,16,","","","","","","","32.6",",,,X","0",",,,X","","","","","",""
"BFW00012712","1957-01","26.61667","-78.36667","6.1","GOLD ROCK CREEK, BF","68.5","","68.5","1,X","3",",X","2",",X","0",",X","0",",X","0",",X","0","1,X","0","1,X","0","1,X","27","1,X","0","1,X","5","","19570106",",1,X","19570131","+,,X","19570131","+,,X","","","19570121",",,X","19570131","+,1,X","10.0","1,X,06,","0",",,X,31,+","0",",,X,31,+","4.8",",,X,21,","26.7","1,X,31,+","","","5.1","1,X","9.3",",,,X","0",",,,X","20.45","1,X","24.97","1,,,X","15.93","1,,,X"
"BFW00012712","1957-02","26.61667","-78.36667","6.1","GOLD ROCK CREEK, BF","163.5","","95.0",",X","8",",X","6",",X","4",",X","0",",X","0",",X","0",",X","0",",X","0",",X","28",",X","0",",X","","","19570214",",,X","19570228","+,,X","19570228","+,,X","4","","19570225",",,X","19570211","+,,X","7.8",",X,14,","0",",,X,28,+","0",",,X,28,+","66.8",",,X,25,","27.2",",X,11,+","","","7.0",",X","245.1",",,,X","0",",,,X","21.48",",X","25.52",",,,X","17.43",",,,X"
"BFW00012712","1957-03","26.61667","-78.36667","6.1","GOLD ROCK CREEK, BF","","","","","6",",X","4",",X","0",",X","0",",X","0",",X","","","","","","","","","","","","","","","19570331","+,,X","19570331","+,,X","","","19570306",",,X","","","","","0",",,X,31,+","0",",,X,31,+","19.6",",,X,06,","","","","","","","63.5",",,,X","0",",,,X","","","","","",""
"BFW00012712","1957-04","26.61667","-78.36667","6.1","GOLD ROCK CREEK, BF","","","","","9",",X","7",",X","4",",X","0",",X","0",",X","","","","","","","","","","","","","","","19570430","+,,X","19570430","+,,X","","","19570402",",,X","","","","","0",",,X,30,+","0",",,X,30,+","94.0",",,X,02,","","","","","","","255.6",",,,X","0",",,,X","","","","","",""
"BFW00012712","1957-05","26.61667","-78.36667","6.1","GOLD ROCK CREEK, BF","","","","","13",",X","11",",X","2",",X","0",",X","0",",X","","","","","","","","","","","","","","","19570531","+,,X","19570531","+,,X","","","19570501",",,X","","","","","0",",,X,31,+","0",",,X,31,+","100.1",",,X,01,","","","","","","","224.8",",,,X","0",",,,X","","","","","",""
"BFW00012712","1957-06","26.61667","-78.36667","6.1","GOLD ROCK CREEK, BF","","","","","15",",X","11",",X","3",",X","0",",X","0",",X","","","","","","","","","","","","","","","19570630","+,,X","19570630","+,,X","","","19570626",",,X","","","","","0",",,X,30,+","0",",,X,30,+","73.9",",,X,26,","","","","","","","224.5",",,,X","0",",,,X","","","","","",""
"BFW00012712","1957-07","26.61667","-78.36667","6.1","GOLD ROCK CREEK, BF","","","","","14",",X","11",",X","2",",X","0",",X","0",",X","","","","","","","","","","","","","","","19570731","+,,X","19570731","+,,X","","","19570723",",,X","","","","","0",",,X,31,+","0",",,X,31,+","51.8",",,X,23,","","","","","","","200.2",",,,X","0",",,,X","","","","","",""
"BFW00012712","1957-08","26.61667","-78.36667","6.1","GOLD ROCK CREEK, BF","","","","","17",",X","13",",X","0",",X","0",",X","0",",X","","","","","","","","","","","","","","","19570831","+,,X","19570831","+,,X","","","19570831","+,,X","","","","","0",",,X,31,+","0",",,X,31,+","21.1",",,X,31,+","","","","","","","134.2",",,,X","0",",,,X","","","","","",""
"BFW00012712","1957-09","26.61667","-78.36667","6.1","GOLD ROCK CREEK, BF","","","","","11",",X","6",",X","0",",X","0",",X","0",",X","","","","","","","","","","","","","","","19570930","+,,X","19570930","+,,X","","","19570902",",,X","","","","","0",",,X,30,+","0",",,X,30,+","22.4",",,X,02,","","","","","","","45.2",",,,X","0",",,,X","","","","","",""
"BFW00012712","1957-10","26.61667","-78.36667","6.1","GOLD ROCK CREEK, BF","","","","","14",",X","10",",X","2",",X","0",",X","0",",X","","","","","","","","","","","","","","","19571031","+,,X","19571031","+,,X","","","19571008",",,X","","","","","0",",,X,31,+","0",",,X,31,+","63.0",",,X,08,","","","","","","","202.3",",,,X","0",",,,X","","","","","",""
"BFW00012712","1957-11","26.61667","-78.36667","6.1","GOLD ROCK CREEK, BF","","","","","8",",X","5",",X","0",",X","0",",X","0",",X","","","","","","","","","","","","","","","19571130","+,,X","19571130","+,,X","","","19571120",",,X","","","","","0",",,X,30,+","0",",,X,30,+","20.8",",,X,20,","","","","","","","51.5",",,,X","0",",,,X","","","","","",""
"BFW00012712","1957-12","26.61667","-78.36667","6.1","GOLD ROCK CREEK, BF","","","","","7",",X","3",",X","0",",X","0",",X","0",",X","","","","","","","","","","","","","","","19571231","+,,X","19571231","+,,X","","","19571204",",,X","","","","","0",",,X,31,+","0",",,X,31,+","7.4",",,X,04,","","","","","","","22.2",",,,X","0",",,,X","","","","","",""
"BFW00012712","1958-01","26.61667","-78.36667","6.1","GOLD ROCK CREEK, BF","","","","","13",",X","9",",X","1",",X","0",",X","0",",X","","","","","","","","","","","","","","","19580131","+,,X","19580131","+,,X","","","19580103",",,X","","","","","0",",,X,31,+","0",",,X,31,+","63.0",",,X,03,","","","","","","","152.9",",,,X","0",",,,X","","","","","",""
"BFW00012712","1958-02","26.61667","-78.36667","6.1","GOLD ROCK CREEK, BF","","","","","4",",X","2",",X","0",",X","0",",X","0",",X","","","","","","","","","","","","","","","19580228","+,,X","19580228","+,,X","","","19580207",",,X","","","","","0",",,X,28,+","0",",,X,28,+","16.0",",,X,07,","","","","","","","23.7",",,,X","0",",,,X","","","","","",""
"BFW00012712","1958-03","26.61667","-78.36667","6.1","GOLD ROCK CREEK, BF","","","","","8",",X","7",",X","2",",X","0",",X","0",",X","","","","","","","","","","","","","","","19580331","+,,X","19580331","+,,X","","","19580326",",,X","","","","","0",",,X,31,+","0",",,X,31,+","31.8",",,X,26,","","","","","","","124.6",",,,X","0",",,,X","","","","","",""
"BFW00012712","1958-04","26.61667","-78.36667","6.1","GOLD ROCK CREEK, BF","","","","","6",",X","2",",X","1",",X","0",",X","0",",X","","","","","","","","","","","","","","","19580430","+,,X","19580430","+,,X","","","19580404",",,X","","","","","0",",,X,30,+","0",",,X,30,+","38.9",",,X,04,","","","","","","","57.4",",,,X","0",",,,X","","","","","",""
"BFW00012712","1958-05","26.61667","-78.36667","6.1","GOLD ROCK CREEK, BF","","","","","12",",X","9",",X","2",",X","0",",X","0",",X","","","","","","","","","","","","","","","19580531","+,,X","19580531","+,,X","","","19580525",",,X","","","","","0",",,X,31,+","0",",,X,31,+","75.2",",,X,25,","","","","","","","188.9",",,,X","0",",,,X","","","","","",""
"BFW00012712","1958-06","26.61667","-78.36667","6.1","GOLD ROCK CREEK, BF","","","","","5",",X","4",",X","0",",X","0",",X","0",",X","","","","","","","","","","","","","","","19580630","+,,X","19580630","+,,X","","","19580622",",,X","","","","","0",",,X,30,+","0",",,X,30,+","8.9",",,X,22,","","","","","","","27.2",",,,X","0",",,,X","","","","","",""
"BFW00012712","1958-07","26.61667","-78.36667","6.1","GOLD ROCK CREEK, BF","","","","","11",",X","7",",X","1",",X","0",",X","0",",X","","","","","","","","","","","","","","","19580731","+,,X","19580731","+,,X","","","19580701",",,X","","","","","0",",,X,31,+","0",",,X,31,+","52.1",",,X,01,","","","","","","","92.4",",,,X","0",",,,X","","","","","",""
"BFW00012712","1958-08","26.61667","-78.36667","6.1","GOLD ROCK CREEK, BF","","","","","17",",X","12",",X","2",",X","0",",X","0",",X","","","","","","","","","","","","","","","19580831","+,,X","19580831","+,,X","","","19580814",",,X","","","","","0",",,X,31,+","0",",,X,31,+","37.8",",,X,14,","","","","","","","163.2",",,,X","0",",,,X","","","","","",""
"BFW00012712","1958-09","26.61667","-78.36667","6.1","GOLD ROCK CREEK, BF","","","","","16",",X","7",",X","2",",X","0",",X","0",",X","","","","","","","","","","","","","","","19580930","+,,X","19580930","+,,X","","","19580913",",,X","","","","","0",",,X,30,+","0",",,X,30,+","53.1",",,X,13,","","","","","","","150.8",",,,X","0",",,,X","","","","","",""
"BFW00012712","1958-10","26.61667","-78.36667","6.1","GOLD ROCK CREEK, BF","","","","","9",",X","8",",X","5",",X","0",",X","0",",X","","","","","","","","","","","","","","","19581031","+,,X","19581031","+,,X","","","19581019",",,X","","","","","0",",,X,31,+","0",",,X,31,+","59.9",",,X,19,","","","","","","","274.0",",,,X","0",",,,X","","","","","",""
"BFW00012712","1958-11","26.61667","-78.36667","6.1","GOLD ROCK CREEK, BF","","","","","9",",X","4",",X","0",",X","0",",X","0",",X","","","","","","","","","","","","","","","19581130","+,,X","19581130","+,,X","","","19581109",",,X","","","","","0",",,X,30,+","0",",,X,30,+","13.5",",,X,09,","","","","","","","41.6",",,,X","0",",,,X","","","","","",""
"BFW00012712","1958-12","26.61667","-78.36667","6.1","GOLD ROCK CREEK, BF","","","","","11",",X","7",",X","2",",X","0",",X","0",",X","","","","","","","","","","","","","","","19581231","+,,X","19581231","+,,X","","","19581227",",,X","","","","","0",",,X,31,+","0",",,X,31,+","61.2",",,X,27,","","","","","","","149.4",",,,X","0",",,,X","","","","","",""
"BFW00012712","1959-01","26.61667","-78.36667","6.1","GOLD ROCK CREEK, BF","","","","","11",",X","7",",X","1",",X","0",",X","0",",X","","","","","","","","","","","","","","","19590131","+,,X","19590131","+,,X","","","19590126",",,X","","","","","0",",,X,31,+","0",",,X,31,+","64.5",",,X,26,","","","","","","","101.8",",,,X","0",",,,X","","","","","",""
"BFW00012712","1959-02","26.61667","-78.36667","6.1","GOLD ROCK CREEK, BF","","","","","3",",X","3",",X","0",",X","0",",X","0",",X","","","","","","","","","","","","","","","19590228","+,,X","19590228","+,,X","","","19590206",",,X","","","","","0",",,X,28,+","0",",,X,28,+","9.1",",,X,06,","","","","","","","18.2",",,,X","0",",,,X","","","","","",""
"BFW00012712","1959-03","26.61667","-78.36667","6.1","GOLD ROCK CREEK, BF","","","","","17",",X","10",",X","1",",X","0",",X","0",",X","","","","","","","","","","","","","","","19590331","+,,X","19590331","+,,X","","","19590318",",,X","","","","","0",",,X,31,+","0",",,X,31,+","43.9",",,X,18,","","","","","","","168.9",",,,X","0",",,,X","","","","","",""
"BFW00012712","1959-04","26.61667","-78.36667","6.1","GOLD ROCK CREEK, BF","","","","","8",",X","2",",X","0",",X","0",",X","0",",X","","","","","","","","","","","","","","","19590430","+,,X","19590430","+,,X","","","19590420",",,X","","","","","0",",,X,30,+","0",",,X,30,+","6.9",",,X,20,","","","","","","","15.3",",,,X","0",",,,X","","","","","",""
"BFW00012712","1959-05","26.61667","-78.36667","6.1","GOLD ROCK CREEK, BF","","","","","13",",X","6",",X","0",",X","0",",X","0",",X","","","","","","","","","","","","","","","19590531","+,,X","19590531","+,,X","","","19590517",",,X","","","","","0",",,X,31,+","0",",,X,31,+","22.4",",,X,17,","","","","","","","92.5",",,,X","0",",,,X","","","","","",""
"BFW00012712","1959-06","26.61667","-78.36667","6.1","GOLD ROCK CREEK, BF","","","","","13",",X","10",",X","4",",X","0",",X","0",",X","","","","","","","","","","","","","","","19590630","+,,X","19590630","+,,X","","","19590618",",,X","","","","","0",",,X,30,+","0",",,X,30,+","114.8",",,X,18,","","","","","","","289.8",",,,X","0",",,,X","","","","","",""
"BFW00012712","1959-07","26.61667","-78.36667","6.1","GOLD ROCK CREEK, BF","","","","","18",",X","13",",X","2",",X","0",",X","0",",X","","","","","","","","","","","","","","","19590731","+,,X","19590731","+,,X","","","19590726",",,X","","","","","0",",,X,31,+","0",",,X,31,+","28.4",",,X,26,","","","","","","","168.6",",,,X","0",",,,X","","","","","",""
"BFW00012712","1959-08","26.61667","-78.36667","6.1","GOLD ROCK CREEK, BF","","","","","15",",X","9",",X","0",",X","0",",X","0",",X","","","","","","","","","","","","","","","19590831","+,,X","19590831","+,,X","","","19590828",",,X","","","","","0",",,X,31,+","0",",,X,31,+","20.3",",,X,28,","","","","","","","73.4",",,,X","0",",,,X","","","","","",""
"BFW00012712","1959-09","26.61667","-78.36667","6.1","GOLD ROCK CREEK, BF","","","","","23",",X","17",",X","3",",X","0",",X","0",",X","","","","","","","","","","","","","","","19590930","+,,X","19590930","+,,X","","","19590917",",,X","","","","","0",",,X,30,+","0",",,X,30,+","53.3",",,X,17,","","","","","","","238.7",",,,X","0",",,,X","","","","","",""
"BFW00012712","1959-10","26.61667","-78.36667","6.1","GOLD ROCK CREEK, BF","","","","","20",",X","12",",X","2",",X","0",",X","0",",X","","","","","","","","","","","","","","","19591031","+,,X","19591031","+,,X","","","19591018",",,X","","","","","0",",,X,31,+","0",",,X,31,+","49.8",",,X,18,","","","","","","","219.7",",,,X","0",",,,X","","","","","",""
"BFW00012712","1959-11","26.61667","-78.36667","6.1","GOLD ROCK CREEK, BF","","","","","16",",X","10",",X","2",",X","0",",X","0",",X","","","","","","","","","","","","","","","19591130","+,,X","19591130","+,,X","","","19591111",",,X","","","","","0",",,X,30,+","0",",,X,30,+","48.3",",,X,11,","","","","","","","163.0",",,,X","0",",,,X","","","","","",""
"BFW00012712","1959-12","26.61667","-78.36667","6.1","GOLD ROCK CREEK, BF","","","","","8",",X","4",",X","1",",X","0",",X","0",",X","","","","","","","","","","","","","","","19591231","+,,X","19591231","+,,X","","","19591224",",,X","","","","","0",",,X,31,+","0",",,X,31,+","31.2",",,X,24,","","","","","","","45.9",",,,X","0",",,,X","","","","","",""
"BFW00012712","1960-01","26.61667","-78.36667","6.1","GOLD ROCK CREEK, BF","","","","","7",",X","1",",X","0",",X","0",",X","0",",X","","","","","","","","","","","","","","","19600131","+,,X","19600131","+,,X","","","19600130",",,X","","","","","0",",,X,31,+","0",",,X,31,+","14.5",",,X,30,","","","","","","","20.9",",,,X","0",",,,X","","","","","",""
"BFW00012712","1960-02","26.61667","-78.36667","6.1","GOLD ROCK CREEK, BF","","","","","9",",X","4",",X","1",",X","0",",X","0",",X","","","","","","","","","","","","","","","19600229","+,,X","19600229","+,,X","","","19600226",",,X","","","","","0",",,X,29,+","0",",,X,29,+","28.7",",,X,26,","","","","","","","78.1",",,,X","0",",,,X","","","","","",""
"BFW00012712","1960-03","26.61667","-78.36667","6.1","GOLD ROCK CREEK, BF","","","","","7",",X","4",",X","1",",X","0",",X","0",",X","","","","","","","","","","","","","","","19600331","+,,X","19600331","+,,X","","","19600315",",,X","","","","","0",",,X,31,+","0",",,X,31,+","75.4",",,X,15,","","","","","","","91.0",",,,X","0",",,,X","","","","","",""
"BFW00012712","1960-04","26.61667","-78.36667","6.1","GOLD ROCK CREEK, BF","","","","","7",",X","4",",X","0",",X","0",",X","0",",X","","","","","","","","","","","","","","","19600430","+,,X","19600430","+,,X","","","19600424",",,X","","","","","0",",,X,30,+","0",",,X,30,+","18.5",",,X,24,","","","","","","","50.7",",,,X","0",",,,X","","","","","",""
"BFW00012712","1960-05","26.61667","-78.36667","6.1","GOLD ROCK CREEK, BF","","","","","6",",X","3",",X","1",",X","0",",X","0",",X","","","","","","","","","","","","","","","19600531","+,,X","19600531","+,,X","","","19600531",",,X","","","","","0",",,X,31,+","0",",,X,31,+","42.7",",,X,31,","","","","","","","56.1",",,,X","0",",,,X","","","","","",""
"BFW00012712","1960-06","26.61667","-78.36667","6.1","GOLD ROCK CREEK, BF","","","","","12",",X","8",",X","1",",X","0",",X","0",",X","","","","","","","","","","","","","","","19600630","+,,X","19600630","+,,X","","","19600620",",,X","","","","","0",",,X,30,+","0",",,X,30,+","36.3",",,X,20,","","","","","","","106.8",",,,X","0",",,,X","","","","","",""
"BFW00012712","1960-07","26.61667","-78.36667","6.1","GOLD ROCK CREEK, BF","","","","","15",",X","11",",X","2",",X","0",",X","0",",X","","","","","","","","","","","","","","","19600731","+,,X","19600731","+,,X","","","19600723",",,X","","","","","0",",,X,31,+","0",",,X,31,+","54.9",",,X,23,","","","","","","","171.3",",,,X","0",",,,X","","","","","",""
"BFW00012712","1960-08","26.61667","-78.36667","6.1","GOLD ROCK CREEK, BF","","","","","17",",X","9",",X","1",",X","0",",X","0",",X","","","","","","","","","","","","","","","19600831","+,,X","19600831","+,,X","","","19600825",",,X","","","","","0",",,X,31,+","0",",,X,31,+","75.4",",,X,25,","","","","","","","172.2",",,,X","0",",,,X","","","","","",""
"BFW00012712","1960-09","26.61667","-78.36667","6.1","GOLD ROCK CREEK, BF","","","","","21",",X","15",",X","8",",X","0",",X","0",",X","","","","","","","","","","","","","","","19600930","+,,X","19600930","+,,X","","","19600924",",,X","","","","","0",",,X,30,+","0",",,X,30,+","217.4",",,X,24,","","","","","","","743.8",",,,X","0",",,,X","","","","","",""
"BFW00012712","1960-10","26.61667","-78.36667","6.1","GOLD ROCK CREEK, BF","","","","","16",",X","12",",X","1",",X","0",",X","0",",X","","","","","","","","","","","","","","","19601031","+,,X","19601031","+,,X","","","19601014",",,X","","","","","0",",,X,31,+","0",",,X,31,+","30.2",",,X,14,","","","","","","","151.7",",,,X","0",",,,X","","","","","",""
"BFW00012712","1960-11","26.61667","-78.36667","6.1","GOLD ROCK CREEK, BF","","","","","8",",X","4",",X","1",",X","0",",X","0",",X","","","","","","","","","","","","","","","19601130","+,,X","19601130","+,,X","","","19601101",",,X","","","","","0",",,X,30,+","0",",,X,30,+","30.0",",,X,01,","","","","","","","66.4",",,,X","0",",,,X","","","","","",""
"BFW00012712","1960-12","26.61667","-78.36667","6.1","GOLD ROCK CREEK, BF","","","","","8",",X","4",",X","0",",X","0",",X","0",",X","","","","","","","","","","","","","","","19601231","+,,X","19601231","+,,X","","","19601216",",,X","","","","","0",",,X,31,+","0",",,X,31,+","6.1",",,X,16,","","","","","","","20.4",",,,X","0",",,,X","","","","","",""
"BFW00012712","1961-01","26.61667","-78.36667","6.1","GOLD ROCK CREEK, BF","","","","","9",",X","5",",X","1",",X","0",",X","0",",X","","","","","","","","","","","","","","","19610131","+,,X","19610131","+,,X","","","19610113",",,X","","","","","0",",,X,31,+","0",",,X,31,+","79.8",",,X,13,","","","","","","","121.1",",,,X","0",",,,X","","","","","",""
"BFW00012712","1961-02","26.61667","-78.36667","6.1","GOLD ROCK CREEK, BF","","","","","3",",X","2",",X","0",",X","0",",X","0",",X","","","","","","","","","","","","","","","19610228","+,,X","19610228","+,,X","","","19610204",",,X","","","","","0",",,X,28,+","0",",,X,28,+","7.6",",,X,04,","","","","","","","10.9",",,,X","0",",,,X","","","","","",""
"BFW00012712","1961-03","26.61667","-78.36667","6.1","GOLD ROCK CREEK, BF","","","","","4",",X","2",",X","0",",X","0",",X","0",",X","","","","","","","","","","","","","","","19610331","+,,X","19610331","+,,X","","","19610314",",,X","","","","","0",",,X,31,+","0",",,X,31,+","7.6",",,X,14,","","","","","","","13.2",",,,X","0",",,,X","","","","","",""
"BFW00012712","1961-04","26.61667","-78.36667","6.1","GOLD ROCK CREEK, BF","","","","","5",",X","4",",X","0",",X","0",",X","0",",X","","","","","","","","","","","","","","","19610430","+,,X","19610430","+,,X","","","19610407",",,X","","","","","0",",,X,30,+","0",",,X,30,+","12.7",",,X,07,","","","","","","","29.5",",,,X","0",",,,X","","","","","",""
"BFW00012712","1961-05","26.61667","-78.36667","6.1","GOLD ROCK CREEK, BF","","","","","14",",X","7",",X","3",",X","0",",X","0",",X","","","","","","","","","","","","","","","19610531","+,,X","19610531","+,,X","","","19610510",",,X","","","","","0",",,X,31,+","0",",,X,31,+","77.0",",,X,10,","","","","","","","213.9",",,,X","0",",,,X","","","","","",""
"BFW00012712","1961-06","26.61667","-78.36667","6.1","GOLD ROCK CREEK, BF","","","","","13",",X","9",",X","3",",X","0",",X","0",",X","","","","","","","","","","","","","","","19610630","+,,X","19610630","+,,X","","","19610629",",,X","","","","","0",",,X,30,+","0",",,X,30,+","80.8",",,X,29,","","","","","","","205.8",",,,X","0",",,,X","","","","","",""
"BFW00012712","1961-07","26.61667","-78.36667","6.1","GOLD ROCK CREEK, BF","","","","","8",",X","4",",X","0",",X","0",",X","0",",X","","","","","","","","","","","","","","","19610731","+,,X","19610731","+,,X","","","19610714",",,X","","","","","0",",,X,31,+","0",",,X,31,+","9.7",",,X,14,","","","","","","","27.1",",,,X","0",",,,X","","","","","",""
"BFW00012712","1961-08","26.61667","-78.36667","6.1","GOLD ROCK CREEK, BF","","","","","21",",X","13",",X","2",",X","0",",X","0",",X","","","","","","","","","","","","","","","19610831","+,,X","19610831","+,,X","","","19610808",",,X","","","","","0",",,X,31,+","0",",,X,31,+","27.2",",,X,08,","","","","","","","154.4",",,,X","0",",,,X","","","","","",""
"BFW00012712","1961-09","26.61667","-78.36667","6.1","GOLD ROCK CREEK, BF","","","","","15",",X","9",",X","3",",X","0",",X","0",",X","","","","","","","","","","","","","","","19610930","+,,X","19610930","+,,X","","","19610917",",,X","","","","","0",",,X,30,+","0",",,X,30,+","49.8",",,X,17,","","","","","","","164.0",",,,X","0",",,,X","","","","","",""
"BFW00012712","1961-10","26.61667","-78.36667","6.1","GOLD ROCK CREEK, BF","","","","","17",",X","6",",X","1",",X","0",",X","0",",X","","","","","","","","","","","","","","","19611031","+,,X","19611031","+,,X","","","19611009",",,X","","","","","0",",,X,31,+","0",",,X,31,+","48.8",",,X,09,","","","","","","","100.4",",,,X","0",",,,X","","","","","",""
"BFW00012712","1961-11","26.61667","-78.36667","6.1","GOLD ROCK CREEK, BF","","","","","7",",X","4",",X","0",",X","0",",X","0",",X","","","","","","","","","","","","","","","19611130","+,,X","19611130","+,,X","","","19611121",",,X","","","","","0",",,X,30,+","0",",,X,30,+","22.9",",,X,21,","","","","","","","39.4",",,,X","0",",,,X","","","","","",""
"BFW00012712","1961-12","26.61667","-78.36667","6.1","GOLD ROCK CREEK, BF","","","","","5",",X","5",",X","0",",X","0",",X","0",",X","","","","","","","","","","","","","","","19611231","+,,X","19611231","+,,X","","","19611220",",,X","","","","","0",",,X,31,+","0",",,X,31,+","14.5",",,X,20,","","","","","","","41.0",",,,X","0",",,,X","","","","","",""
"BFW00012712","1962-01","26.61667","-78.36667","6.1","GOLD ROCK CREEK, BF","","","","","12",",X","7",",X","0",",X","0",",X","0",",X","","","","","","","","","","","","","","","19620131","+,,X","19620131","+,,X","","","19620112",",,X","","","","","0",",,X,31,+","0",",,X,31,+","24.6",",,X,12,","","","","","","","83.3",",,,X","0",",,,X","","","","","",""
"BFW00012712","1962-02","26.61667","-78.36667","6.1","GOLD ROCK CREEK, BF","","","","","8",",X","5",",X","3",",X","0",",X","0",",X","","","","","","","","","","","","","","","19620228","+,,X","19620228","+,,X","","","19620217",",,X","","","","","0",",,X,28,+","0",",,X,28,+","42.4",",,X,17,","","","","","","","144.2",",,,X","0",",,,X","","","","","",""
"BFW00012712","1962-03","26.61667","-78.36667","6.1","GOLD ROCK CREEK, BF","","","","","","","","","","","0",",X","0",",X","","","","","","","","","","","","","","","19620331","+,,X","19620331","+,,X","","","","","","","","","0",",,X,31,+","0",",,X,31,+","","","","","","","","","","","0",",,,X","","","","","",""
"BFW00012712","1962-04","26.61667","-78.36667","6.1","GOLD ROCK CREEK, BF","","","","","7",",X","5",",X","1",",X","0",",X","0",",X","","","","","","","","","","","","","","","19620430","+,,X","19620430","+,,X","","","19620402",",,X","","","","","0",",,X,30,+","0",",,X,30,+","41.9",",,X,02,","","","","","","","64.3",",,,X","0",",,,X","","","","","",""
"BFW00012712","1962-05","26.61667","-78.36667","6.1","GOLD ROCK CREEK, BF","","","","","7",",X","5",",X","1",",X","0",",X","0",",X","","","","","","","","","","","","","","","19620531","+,,X","19620531","+,,X","","","19620505",",,X","","","","","0",",,X,31,+","0",",,X,31,+","101.6",",,X,05,","","","","","","","125.9",",,,X","0",",,,X","","","","","",""
"BFW00012712","1962-06","26.61667","-78.36667","6.1","GOLD ROCK CREEK, BF","","","","","19",",X","13",",X","6",",X","0",",X","0",",X","","","","","","","","","","","","","","","19620630","+,,X","19620630","+,,X","","","19620616",",,X","","","","","0",",,X,30,+","0",",,X,30,+","99.6",",,X,16,","","","","","","","432.1",",,,X","0",",,,X","","","","","",""
"BFW00012712","1962-07","26.61667","-78.36667","6.1","GOLD ROCK CREEK, BF","","","","","10",",X","7",",X","2",",X","0",",X","0",",X","","","","","","","","","","","","","","","19620731","+,,X","19620731","+,,X","","","19620716",",,X","","","","","0",",,X,31,+","0",",,X,31,+","54.6",",,X,16,","","","","","","","126.9",",,,X","0",",,,X","","","","","",""
"BFW00012712","1962-08","26.61667","-78.36667","6.1","GOLD ROCK CREEK, BF","","","","","18",",X","10",",X","3",",X","0",",X","0",",X","","","","","","","","","","","","","","","19620831","+,,X","19620831","+,,X","","","19620810",",,X","","","","","0",",,X,31,+","0",",,X,31,+","58.7",",,X,10,","","","","","","","234.7",",,,X","0",",,,X","","","","","",""
"BFW00012712","1962-09","26.61667","-78.36667","6.1","GOLD ROCK CREEK, BF","","","","","18",",X","9",",X","1",",X","0",",X","0",",X","","","","","","","","","","","","","","","19620930","+,,X","19620930","+,,X","","","19620921",",,X","","","","","0",",,X,30,+","0",",,X,30,+","50.5",",,X,21,","","","","","","","111.7",",,,X","0",",,,X","","","","","",""
"BFW00012712","1962-10","26.61667","-78.36667","6.1","GOLD ROCK CREEK, BF","","","","","11",",X","6",",X","0",",X","0",",X","0",",X","","","","","","","","","","","","","","","19621031","+,,X","19621031","+,,X","","","19621024",",,X","","","","","0",",,X,31,+","0",",,X,31,+","14.5",",,X,24,","","","","","","","47.2",",,,X","0",",,,X","","","","","",""
"BFW00012712","1962-11","26.61667","-78.36667","6.1","GOLD ROCK CREEK, BF","","","","","6",",X","5",",X","1",",X","0",",X","0",",X","","","","","","","","","","","","","","","19621130","+,,X","19621130","+,,X","","","19621109",",,X","","","","","0",",,X,30,+","0",",,X,30,+","75.9",",,X,09,","","","","","","","142.2",",,,X","0",",,,X","","","","","",""
"BFW00012712","1962-12","26.61667","-78.36667","6.1","GOLD ROCK CREEK, BF","","","","","7",",X","1",",X","0",",X","0",",X","0",",X","","","","","","","","","","","","","","","19621231","+,,X","19621231","+,,X","","","19621201",",,X","","","","","0",",,X,31,+","0",",,X,31,+","17.8",",,X,01,","","","","","","","20.3",",,,X","0",",,,X","","","","","",""
"BFW00012712","1963-01","26.61667","-78.36667","6.1","GOLD ROCK CREEK, BF","","","","","7",",X","5",",X","0",",X","0",",X","0",",X","","","","","","","","","","","","","","","19630131","+,,X","19630131","+,,X","","","19630121","+,,X","","","","","0",",,X,31,+","0",",,X,31,+","8.6",",,X,21,+","","","","","","","32.2",",,,X","0",",,,X","","","","","",""
"BFW00012712","1963-02","26.61667","-78.36667","6.1","GOLD ROCK CREEK, BF","","","","","10",",X","5",",X","1",",X","0",",X","0",",X","","","","","","","","","","","","","","","19630228","+,,X","19630228","+,,X","","","19630212",",,X","","","","","0",",,X,28,+","0",",,X,28,+","56.4",",,X,12,","","","","","","","76.0",",,,X","0",",,,X","","","","","",""
"BFW00012712","1963-03","26.61667","-78.36667","6.1","GOLD ROCK CREEK, BF","","","","","7",",X","4",",X","0",",X","0",",X","0",",X","","","","","","","","","","","","","","","19630331","+,,X","19630331","+,,X","","","19630331",",,X","","","","","0",",,X,31,+","0",",,X,31,+","8.1",",,X,31,","","","","","","","24.3",",,,X","0",",,,X","","","","","",""
"BFW00012712","1963-04","26.61667","-78.36667","6.1","GOLD ROCK CREEK, BF","","","","","5",",X","2",",X","0",",X","","","","","","","","","","","","","","","","","","","","","","","","","19630413",",,X","","","","","","","","","22.9",",,X,13,","","","","","","","27.4",",,,X","","","","","","","",""
"BFW00012712","1963-05","26.61667","-78.36667","6.1","GOLD ROCK CREEK, BF","","","","","10",",X","5",",X","2",",X","0",",X","0",",X","","","","","","","","","","","","","","","19630531","+,,X","19630531","+,,X","","","19630504",",,X","","","","","0",",,X,31,+","0",",,X,31,+","45.2",",,X,04,","","","","","","","126.5",",,,X","0",",,,X","","","","","",""
"BFW00012712","1963-06","26.61667","-78.36667","6.1","GOLD ROCK CREEK, BF","","","","","12",",X","7",",X","1",",X","0",",X","0",",X","","","","","","","","","","","","","","","19630630","+,,X","19630630","+,,X","","","19630606",",,X","","","","","0",",,X,30,+","0",",,X,30,+","49.0",",,X,06,","","","","","","","89.3",",,,X","0",",,,X","","","","","",""
"BFW00012712","1963-07","26.61667","-78.36667","6.1","GOLD ROCK CREEK, BF","","","","","13",",X","6",",X","0",",X","0",",X","0",",X","","","","","","","","","","","","","","","19630731","+,,X","19630731","+,,X","","","19630712",",,X","","","","","0",",,X,31,+","0",",,X,31,+","23.6",",,X,12,","","","","","","","71.4",",,,X","0",",,,X","","","","","",""
"BFW00012712","1963-08","26.61667","-78.36667","6.1","GOLD ROCK CREEK, BF","","","","","16",",X","12",",X","4",",X","0",",X","0",",X","","","","","","","","","","","","","","","19630831","+,,X","19630831","+,,X","","","19630812",",,X","","","","","0",",,X,31,+","0",",,X,31,+","84.8",",,X,12,","","","","","","","265.5",",,,X","0",",,,X","","","","","",""
"BFW00012712","1963-09","26.61667","-78.36667","6.1","GOLD ROCK CREEK, BF","","","","","26",",X","16",",X","5",",X","","","","","","","","","","","","","","","","","","","","","","","","","19630925",",,X","","","","","","","","","81.8",",,X,25,","","","","","","","433.9",",,,X","","","","","","","",""
"BFW00012712","1963-10","26.61667","-78.36667","6.1","GOLD ROCK CREEK, BF","","","","","11",",X","2",",X","0",",X","0",",X","0",",X","","","","","","","","","","","","","","","19631031","+,,X","19631031","+,,X","","","19631002",",,X","","","","","0",",,X,31,+","0",",,X,31,+","11.9",",,X,02,","","","","","","","23.7",",,,X","0",",,,X","","","","","",""
"BFW00012712","1963-11","26.61667","-78.36667","6.1","GOLD ROCK CREEK, BF","","","","","4",",X","4",",X","0",",X","0",",X","0",",X","","","","","","","","","","","","","","","19631130","+,,X","19631130","+,,X","","","19631106",",,X","","","","","0",",,X,30,+","0",",,X,30,+","15.7",",,X,06,","","","","","","","43.4",",,,X","0",",,,X","","","","","",""
"BFW00012712","1963-12","26.61667","-78.36667","6.1","GOLD ROCK CREEK, BF","","","","","9",",X","5",",X","2",",X","0",",X","0",",X","","","","","","","","","","","","","","","19631231","+,,X","19631231","+,,X","","","19631230",",,X","","","","","0",",,X,31,+","0",",,X,31,+","29.5",",,X,30,","","","","","","","81.6",",,,X","0",",,,X","","","","","",""
"BFW00012712","1964-01","26.61667","-78.36667","6.1","GOLD ROCK CREEK, BF","","","","","11",",X","5",",X","0",",X","0",",X","0",",X","","","","","","","","","","","","","","","19640131","+,,X","19640131","+,,X","","","19640117",",,X","","","","","0",",,X,31,+","0",",,X,31,+","14.7",",,X,17,","","","","","","","38.7",",,,X","0",",,,X","","","","","",""
"BFW00012712","1964-02","26.61667","-78.36667","6.1","GOLD ROCK CREEK, BF","","","","","10",",X","6",",X","0",",X","0",",X","0",",X","","","","","","","","","","","","","","","19640229","+,,X","19640229","+,,X","","","19640219",",,X","","","","","0",",,X,29,+","0",",,X,29,+","15.5",",,X,19,","","","","","","","58.6",",,,X","0",",,,X","","","","","",""
"BFW00012712","1964-03","26.61667","-78.36667","6.1","GOLD ROCK CREEK, BF","","","","","5",",X","2",",X","0",",X","0",",X","0",",X","","","","","","","","","","","","","","","19640331","+,,X","19640331","+,,X","","","19640312",",,X","","","","","0",",,X,31,+","0",",,X,31,+","23.9",",,X,12,","","","","","","","33.6",",,,X","0",",,,X","","","","","",""
"BFW00012712","1964-04","26.61667","-78.36667","6.1","GOLD ROCK CREEK, BF","","","","","10",",X","5",",X","2",",X","0",",X","0",",X","","","","","","","","","","","","","","","19640430","+,,X","19640430","+,,X","","","19640410",",,X","","","","","0",",,X,30,+","0",",,X,30,+","103.6",",,X,10,","","","","","","","191.1",",,,X","0",",,,X","","","","","",""
"BFW00012712","1964-05","26.61667","-78.36667","6.1","GOLD ROCK CREEK, BF","","","","","15",",X","7",",X","2",",X","0",",X","0",",X","","","","","","","","","","","","","","","19640531","+,,X","19640531","+,,X","","","19640503",",,X","","","","","0",",,X,31,+","0",",,X,31,+","59.9",",,X,03,","","","","","","","158.2",",,,X","0",",,,X","","","","","",""
"BFW00012712","1964-06","26.61667","-78.36667","6.1","GOLD ROCK CREEK, BF","","","","","15",",X","13",",X","3",",X","0",",X","0",",X","","","","","","","","","","","","","","","19640630","+,,X","19640630","+,,X","","","19640625",",,X","","","","","0",",,X,30,+","0",",,X,30,+","75.2",",,X,25,","","","","","","","259.5",",,,X","0",",,,X","","","","","",""
"BFW00012712","1964-07","26.61667","-78.36667","6.1","GOLD ROCK CREEK, BF","","","","","18",",X","13",",X","2",",X","0",",X","0",",X","","","","","","","","","","","","","","","19640731","+,,X","19640731","+,,X","","","19640704",",,X","","","","","0",",,X,31,+","0",",,X,31,+","34.5",",,X,04,","","","","","","","164.9",",,,X","0",",,,X","","","","","",""
"BFW00012712","1964-08","26.61667","-78.36667","6.1","GOLD ROCK CREEK, BF","","","","","14",",X","8",",X","1",",X","0",",X","0",",X","","","","","","","","","","","","","","","19640831","+,,X","19640831","+,,X","2","","19640827",",,X","","","","","0",",,X,31,+","0",",,X,31,+","45.5",",,X,27,","","","","","","","94.0",",,,X","0",",,,X","","","","","",""
"BFW00012712","1964-09","26.61667","-78.36667","6.1","GOLD ROCK CREEK, BF","","","","","23",",X","12",",X","0",",X","0",",X","0",",X","","","","","","","","","","","","","","","19640930","+,,X","19640930","+,,X","","","19640917",",,X","","","","","0",",,X,30,+","0",",,X,30,+","19.8",",,X,17,","","","","","","","109.7",",,,X","0",",,,X","","","","","",""
"BFW00012712","1964-10","26.61667","-78.36667","6.1","GOLD ROCK CREEK, BF","","","","","16",",X","11",",X","2",",X","0",",X","0",",X","","","","","","","","","","","","","","","19641031","+,,X","19641031","+,,X","","","19641001",",,X","","","","","0",",,X,31,+","0",",,X,31,+","50.5",",,X,01,","","","","","","","194.0",",,,X","0",",,,X","","","","","",""
"BFW00012712","1964-11","26.61667","-78.36667","6.1","GOLD ROCK CREEK, BF","","","","","13",",X","7",",X","1",",X","0",",X","0",",X","","","","","","","","","","","","","","","19641130","+,,X","19641130","+,,X","","","19641101",",,X","","","","","0",",,X,30,+","0",",,X,30,+","73.2",",,X,01,","","","","","","","141.2",",,,X","0",",,,X","","","","","",""
"BFW00012712","1964-12","26.61667","-78.36667","6.1","GOLD ROCK CREEK, BF","","","","","11",",X","3",",X","0",",X","0",",X","0",",X","","","","","","","","","","","","","","","19641231","+,,X","19641231","+,,X","","","19641206",",,X","","","","","0",",,X,31,+","0",",,X,31,+","10.2",",,X,06,","","","","","","","29.4",",,,X","0",",,,X","","","","","",""
"BFW00012712","1965-01","26.61667","-78.36667","6.1","GOLD ROCK CREEK, BF","","","","","7",",X","0",",X","0",",X","0",",X","0",",X","","","","","","","","","","","","","","","19650131","+,,X","19650131","+,,X","","","19650125",",,X","","","","","0",",,X,31,+","0",",,X,31,+","1.5",",,X,25,","","","","","","","4.7",",,,X","0",",,,X","","","","","",""
"BFW00012712","1965-02","26.61667","-78.36667","6.1","GOLD ROCK CREEK, BF","","","","","15",",X","6",",X","1",",X","0",",X","0",",X","","","","","","","","","","","","","","","19650228","+,,X","19650228","+,,X","","","19650224",",,X","","","","","0",",,X,28,+","0",",,X,28,+","172.7",",,X,24,","","","","","","","223.5",",,,X","0",",,,X","","","","","",""
"BFW00012712","1965-03","26.61667","-78.36667","6.1","GOLD ROCK CREEK, BF","","","","","6",",X","2",",X","0",",X","0",",X","0",",X","","","","","","","","","","","","","","","19650331","+,,X","19650331","+,,X","","","19650304",",,X","","","","","0",",,X,31,+","0",",,X,31,+","16.5",",,X,04,","","","","","","","23.4",",,,X","0",",,,X","","","","","",""
"BFW00012712","1965-04","26.61667","-78.36667","6.1","GOLD ROCK CREEK, BF","","","","","3",",X","3",",X","1",",X","0",",X","0",",X","","","","","","","","","","","","","","","19650430","+,,X","19650430","+,,X","","","19650401",",,X","","","","","0",",,X,30,+","0",",,X,30,+","27.7",",,X,01,","","","","","","","38.8",",,,X","0",",,,X","","","","","",""
"BFW00012712","1965-05","26.61667","-78.36667","6.1","GOLD ROCK CREEK, BF","","","","","8",",X","4",",X","0",",X","0",",X","0",",X","","","","","","","","","","","","","","","19650531","+,,X","19650531","+,,X","","","19650512",",,X","","","","","0",",,X,31,+","0",",,X,31,+","17.5",",,X,12,","","","","","","","41.2",",,,X","0",",,,X","","","","","",""
"BFW00012712","1965-06","26.61667","-78.36667","6.1","GOLD ROCK CREEK, BF","","","","","10",",X","5",",X","2",",X","0",",X","0",",X","","","","","","","","","","","","","","","19650630","+,,X","19650630","+,,X","","","19650619",",,X","","","","","0",",,X,30,+","0",",,X,30,+","36.1",",,X,19,","","","","","","","103.3",",,,X","0",",,,X","","","","","",""
"BFW00012712","1965-07","26.61667","-78.36667","6.1","GOLD ROCK CREEK, BF","","","","","15",",X","10",",X","3",",X","0",",X","0",",X","","","","","","","","","","","","","","","19650731","+,,X","19650731","+,,X","","","19650720",",,X","","","","","0",",,X,31,+","0",",,X,31,+","34.3",",,X,20,","","","","","","","169.9",",,,X","0",",,,X","","","","","",""
"BFW00012712","1965-08","26.61667","-78.36667","6.1","GOLD ROCK CREEK, BF","","","","","17",",X","10",",X","2",",X","0",",X","0",",X","","","","","","","","","","","","","","","19650831","+,,X","19650831","+,,X","","","19650830",",,X","","","","","0",",,X,31,+","0",",,X,31,+","42.7",",,X,30,","","","","","","","151.2",",,,X","0",",,,X","","","","","",""
"BFW00012712","1965-09","26.61667","-78.36667","6.1","GOLD ROCK CREEK, BF","","","","","20",",X","12",",X","1",",X","0",",X","0",",X","","","","","","","","","","","","","","","19650930","+,,X","19650930","+,,X","","","19650907",",,X","","","","","0",",,X,30,+","0",",,X,30,+","52.6",",,X,07,","","","","","","","192.2",",,,X","0",",,,X","","","","","",""
"BFW00012712","1965-10","26.61667","-78.36667","6.1","GOLD ROCK CREEK, BF","","","","","18",",X","10",",X","4",",X","0",",X","0",",X","","","","","","","","","","","","","","","19651031","+,,X","19651031","+,,X","","","19651023",",,X","","","","","0",",,X,31,+","0",",,X,31,+","135.1",",,X,23,","","","","","","","264.4",",,,X","0",",,,X","","","","","",""
"BFW00012712","1965-11","26.61667","-78.36667","6.1","GOLD ROCK CREEK, BF","","","","","8",",X","2",",X","0",",X","0",",X","0",",X","","","","","","","","","","","","","","","19651130","+,,X","19651130","+,,X","","","19651115",",,X","","","","","0",",,X,30,+","0",",,X,30,+","12.7",",,X,15,","","","","","","","28.3",",,,X","0",",,,X","","","","","",""
"BFW00012712","1965-12","26.61667","-78.36667","6.1","GOLD ROCK CREEK, BF","","","","","4",",X","3",",X","0",",X","0",",X","0",",X","","","","","","","","","","","","","","","19651231","+,,X","19651231","+,,X","","","19651220",",,X","","","","","0",",,X,31,+","0",",,X,31,+","16.3",",,X,20,","","","","","","","28.7",",,,X","0",",,,X","","","","","",""
"BFW00012712","1966-01","26.61667","-78.36667","6.1","GOLD ROCK CREEK, BF","","","","","12",",X","7",",X","3",",X","0",",X","0",",X","","","","","","","","","","","","","","","19660131","+,,X","19660131","+,,X","","","19660126",",,X","","","","","0",",,X,31,+","0",",,X,31,+","45.0",",,X,26,","","","","","","","148.0",",,,X","0",",,,X","","","","","",""
"BFW00012712","1966-02","26.61667","-78.36667","6.1","GOLD ROCK CREEK, BF","","","","","10",",X","6",",X","2",",X","0",",X","0",",X","","","","","","","","","","","","","","","19660228","+,,X","19660228","+,,X","","","19660223",",,X","","","","","0",",,X,28,+","0",",,X,28,+","68.1",",,X,23,","","","","","","","147.4",",,,X","0",",,,X","","","","","",""
"BFW00012712","1966-03","26.61667","-78.36667","6.1","GOLD ROCK CREEK, BF","","","","","12",",X","8",",X","1",",X","0",",X","0",",X","","","","","","","","","","","","","","","19660331","+,,X","19660331","+,,X","","","19660305",",,X","","","","","0",",,X,31,+","0",",,X,31,+","26.7",",,X,05,","","","","","","","85.6",",,,X","0",",,,X","","","","","",""
"BFW00012712","1966-04","26.61667","-78.36667","6.1","GOLD ROCK CREEK, BF","","","","","7",",X","3",",X","1",",X","0",",X","0",",X","","","","","","","","","","","","","","","19660430","+,,X","19660430","+,,X","","","19660410",",,X","","","","","0",",,X,30,+","0",",,X,30,+","59.9",",,X,10,","","","","","","","71.2",",,,X","0",",,,X","","","","","",""
"BFW00012712","1966-05","26.61667","-78.36667","6.1","GOLD ROCK CREEK, BF","","","","","12",",X","11",",X","1",",X","0",",X","0",",X","","","","","","","","","","","","","","","19660531","+,,X","19660531","+,,X","9","","19660512",",,X","","","","","0",",,X,31,+","0",",,X,31,+","31.2",",,X,12,","","","","","","","143.4",",,,X","0",",,,X","","","","","",""
"BFW00012712","1966-06","26.61667","-78.36667","6.1","GOLD ROCK CREEK, BF","","","","","16",",X","12",",X","6",",X","0",",X","0",",X","","","","","","","","","","","","","","","19660630","+,,X","19660630","+,,X","","","19660609",",,X","","","","","0",",,X,30,+","0",",,X,30,+","65.5",",,X,09,","","","","","","","324.8",",,,X","0",",,,X","","","","","",""
"BFW00012712","1966-07","26.61667","-78.36667","6.1","GOLD ROCK CREEK, BF","","","","","20",",X","13",",X","5",",X","0",",X","0",",X","","","","","","","","","","","","","","","19660731","+,,X","19660731","+,,X","","","19660702",",,X","","","","","0",",,X,31,+","0",",,X,31,+","102.4",",,X,02,","","","","","","","395.9",",,,X","0",",,,X","","","","","",""
"BFW00012712","1966-08","26.61667","-78.36667","6.1","GOLD ROCK CREEK, BF","","","","","21",",X","11",",X","1",",X","0",",X","0",",X","","","","","","","","","","","","","","","19660831","+,,X","19660831","+,,X","","","19660801",",,X","","","","","0",",,X,31,+","0",",,X,31,+","42.7",",,X,01,","","","","","","","124.9",",,,X","0",",,,X","","","","","",""
"BFW00012712","1966-09","26.61667","-78.36667","6.1","GOLD ROCK CREEK, BF","","","","","22",",X","15",",X","5",",X","0",",X","0",",X","","","","","","","","","","","","","","","19660930","+,,X","19660930","+,,X","","","19660913",",,X","","","","","0",",,X,30,+","0",",,X,30,+","85.3",",,X,13,","","","","","","","333.4",",,,X","0",",,,X","","","","","",""
"BFW00012712","1966-10","26.61667","-78.36667","6.1","GOLD ROCK CREEK, BF","","","","","15",",X","10",",X","4",",X","0",",X","0",",X","","","","","","","","","","","","","","","19661031","+,,X","19661031","+,,X","","","19661003",",,X","","","","","0",",,X,31,+","0",",,X,31,+","150.1",",,X,03,","","","","","","","335.3",",,,X","0",",,,X","","","","","",""
"BFW00012712","1966-11","26.61667","-78.36667","6.1","GOLD ROCK CREEK, BF","","","","","6",",X","0",",X","0",",X","0",",X","0",",X","","","","","","","","","","","","","","","19661130","+,,X","19661130","+,,X","","","19661128","+,,X","","","","","0",",,X,30,+","0",",,X,30,+","2.3",",,X,28,+","","","","","","","7.3",",,,X","0",",,,X","","","","","",""
"BFW00012712","1966-12","26.61667","-78.36667","6.1","GOLD ROCK CREEK, BF","","","","","5",",X","1",",X","0",",X","0",",X","0",",X","","","","","","","","","","","","","","","19661231","+,,X","19661231","+,,X","","","19661218",",,X","","","","","0",",,X,31,+","0",",,X,31,+","17.8",",,X,18,","","","","","","","19.0",",,,X","0",",,,X","","","","","",""
"BFW00012712","1967-01","26.61667","-78.36667","6.1","GOLD ROCK CREEK, BF","","","","","6",",X","3",",X","1",",X","0",",X","0",",X","","","","","","","","","","","","","","","19670131","+,,X","19670131","+,,X","","","19670117",",,X","","","","","0",",,X,31,+","0",",,X,31,+","31.0",",,X,17,","","","","","","","43.8",",,,X","0",",,,X","","","","","",""
"BFW00012712","1967-02","26.61667","-78.36667","6.1","GOLD ROCK CREEK, BF","","","","","8",",X","6",",X","2",",X","0",",X","0",",X","","","","","","","","","","","","","","","19670228","+,,X","19670228","+,,X","","","19670222",",,X","","","","","0",",,X,28,+","0",",,X,28,+","45.0",",,X,22,","","","","","","","108.0",",,,X","0",",,,X","","","","","",""
"BFW00012712","1967-03","26.61667","-78.36667","6.1","GOLD ROCK CREEK, BF","","","","","6",",X","2",",X","0",",X","0",",X","0",",X","","","","","","","","","","","","","","","19670331","+,,X","19670331","+,,X","","","19670316",",,X","","","","","0",",,X,31,+","0",",,X,31,+","2.8",",,X,16,","","","","","","","8.2",",,,X","0",",,,X","","","","","",""
"BFW00012712","1967-04","26.61667","-78.36667","6.1","GOLD ROCK CREEK, BF","","","","","3",",X","2",",X","0",",X","0",",X","0",",X","","","","","","","","","","","","","","","19670430","+,,X","19670430","+,,X","","","19670427",",,X","","","","","0",",,X,30,+","0",",,X,30,+","3.6",",,X,27,","","","","","","","6.4",",,,X","0",",,,X","","","","","",""
"BFW00012712","1967-05","26.61667","-78.36667","6.1","GOLD ROCK CREEK, BF","","","","","4",",X","3",",X","1",",X","0",",X","0",",X","","","","","","","","","","","","","","","19670531","+,,X","19670531","+,,X","","","19670523",",,X","","","","","0",",,X,31,+","0",",,X,31,+","28.2",",,X,23,","","","","","","","53.1",",,,X","0",",,,X","","","","","",""
"BFW00012712","1967-06","26.61667","-78.36667","6.1","GOLD ROCK CREEK, BF","","","","","16",",X","11",",X","4",",X","0",",X","0",",X","","","","","","","","","","","","","","","19670630","+,,X","19670630","+,,X","","","19670612",",,X","","","","","0",",,X,30,+","0",",,X,30,+","85.3",",,X,12,","","","","","","","309.0",",,,X","0",",,,X","","","","","",""
"BFW00012712","1967-07","26.61667","-78.36667","6.1","GOLD ROCK CREEK, BF","","","","","7",",X","4",",X","1",",X","0",",X","0",",X","","","","","","","","","","","","","","","19670731","+,,X","19670731","+,,X","7","","19670715",",,X","","","","","0",",,X,31,+","0",",,X,31,+","57.9",",,X,15,","","","","","","","79.8",",,,X","0",",,,X","","","","","",""
"BFW00012712","1967-08","26.61667","-78.36667","6.1","GOLD ROCK CREEK, BF","","","","","16",",X","11",",X","1",",X","0",",X","0",",X","","","","","","","","","","","","","","","19670831","+,,X","19670831","+,,X","","","19670811",",,X","","","","","0",",,X,31,+","0",",,X,31,+","81.3",",,X,11,","","","","","","","175.5",",,,X","0",",,,X","","","","","",""
"BFW00012712","1967-09","26.61667","-78.36667","6.1","GOLD ROCK CREEK, BF","","","","","16",",X","9",",X","4",",X","0",",X","0",",X","","","","","","","","","","","","","","","19670930","+,,X","19670930","+,,X","","","19670927",",,X","","","","","0",",,X,30,+","0",",,X,30,+","69.1",",,X,27,","","","","","","","252.4",",,,X","0",",,,X","","","","","",""
"BFW00012712","1967-10","26.61667","-78.36667","6.1","GOLD ROCK CREEK, BF","","","","","13",",X","12",",X","2",",X","0",",X","0",",X","","","","","","","","","","","","","","","19671031","+,,X","19671031","+,,X","","","19671001",",,X","","","","","0",",,X,31,+","0",",,X,31,+","35.1",",,X,01,","","","","","","","164.7",",,,X","0",",,,X","","","","","",""
"BFW00012712","1967-11","26.61667","-78.36667","6.1","GOLD ROCK CREEK, BF","","","","","2",",X","1",",X","0",",X","0",",X","0",",X","","","","","","","","","","","","","","","19671130","+,,X","19671130","+,,X","","","19671118",",,X","","","","","0",",,X,30,+","0",",,X,30,+","7.1",",,X,18,","","","","","","","9.4",",,,X","0",",,,X","","","","","",""
"BFW00012712","1967-12","26.61667","-78.36667","6.1","GOLD ROCK CREEK, BF","","","","","8",",X","4",",X","0",",X","0",",X","0",",X","","","","","","","","","","","","","","","19671231","+,,X","19671231","+,,X","","","19671209",",,X","","","","","0",",,X,31,+","0",",,X,31,+","9.7",",,X,09,","","","","","","","29.8",",,,X","0",",,,X","","","","","",""
"BFW00012712","1968-01","26.61667","-78.36667","6.1","GOLD ROCK CREEK, BF","","","","","4",",X","3",",X","0",",X","0",",X","0",",X","","","","","","","","","","","","","","","19680131","+,,X","19680131","+,,X","","","19680124",",,X","","","","","0",",,X,31,+","0",",,X,31,+","12.2",",,X,24,","","","","","","","19.5",",,,X","0",",,,X","","","","","",""
"BFW00012712","1968-02","26.61667","-78.36667","6.1","GOLD ROCK CREEK, BF","","","","","6",",X","6",",X","1",",X","0",",X","0",",X","","","","","","","","","","","","","","","19680229","+,,X","19680229","+,,X","","","19680206",",,X","","","","","0",",,X,29,+","0",",,X,29,+","43.9",",,X,06,","","","","","","","91.1",",,,X","0",",,,X","","","","","",""
"BFW00012712","1968-03","26.61667","-78.36667","6.1","GOLD ROCK CREEK, BF","","","","","1",",X","1",",X","0",",X","0",",X","0",",X","","","","","","","","","","","","","","","19680331","+,,X","19680331","+,,X","","","19680317",",,X","","","","","0",",,X,31,+","0",",,X,31,+","4.1",",,X,17,","","","","","","","4.1",",,,X","0",",,,X","","","","","",""
"BFW00012712","1968-04","26.61667","-78.36667","6.1","GOLD ROCK CREEK, BF","","","","","4",",X","2",",X","0",",X","0",",X","0",",X","","","","","","","","","","","","","","","19680430","+,,X","19680430","+,,X","","","19680426",",,X","","","","","0",",,X,30,+","0",",,X,30,+","5.1",",,X,26,","","","","","","","11.7",",,,X","0",",,,X","","","","","",""
"BFW00012712","1968-05","26.61667","-78.36667","6.1","GOLD ROCK CREEK, BF","","","","","14",",X","11",",X","3",",X","0",",X","0",",X","","","","","","","","","","","","","","","19680531","+,,X","19680531","+,,X","","","19680522",",,X","","","","","0",",,X,31,+","0",",,X,31,+","110.5",",,X,22,","","","","","","","291.5",",,,X","0",",,,X","","","","","",""
"BFW00012712","1968-06","26.61667","-78.36667","6.1","GOLD ROCK CREEK, BF","","","","","21",",X","20",",X","6",",X","0",",X","0",",X","","","","","","","","","","","","","","","19680630","+,,X","19680630","+,,X","","","19680626",",,X","","","","","0",",,X,30,+","0",",,X,30,+","43.7",",,X,26,","","","","","","","330.7",",,,X","0",",,,X","","","","","",""
"BFW00012712","1968-07","26.61667","-78.36667","6.1","GOLD ROCK CREEK, BF","","","","","8",",X","7",",X","2",",X","0",",X","0",",X","","","","","","","","","","","","","","","19680731","+,,X","19680731","+,,X","","","19680707",",,X","","","","","0",",,X,31,+","0",",,X,31,+","50.0",",,X,07,","","","","","","","129.9",",,,X","0",",,,X","","","","","",""
"BFW00012712","1968-08","26.61667","-78.36667","6.1","GOLD ROCK CREEK, BF","","","","","21",",X","16",",X","2",",X","0",",X","0",",X","","","","","","","","","","","","","","","19680831","+,,X","19680831","+,,X","","","19680810",",,X","","","","","0",",,X,31,+","0",",,X,31,+","25.7",",,X,10,","","","","","","","187.5",",,,X","0",",,,X","","","","","",""
"BFW00012712","1968-09","26.61667","-78.36667","6.1","GOLD ROCK CREEK, BF","","","","","15",",X","11",",X","5",",X","0",",X","0",",X","","","","","","","","","","","","","","","19680930","+,,X","19680930","+,,X","","","19680927",",,X","","","","","0",",,X,30,+","0",",,X,30,+","229.9",",,X,27,","","","","","","","443.6",",,,X","0",",,,X","","","","","",""
"BFW00012712","1968-10","26.61667","-78.36667","6.1","GOLD ROCK CREEK, BF","","","","","14",",X","13",",X","6",",X","0",",X","0",",X","","","","","","","","","","","","","","","19681031","+,,X","19681031","+,,X","","","19681017",",,X","","","","","0",",,X,31,+","0",",,X,31,+","89.9",",,X,17,","","","","","","","344.0",",,,X","0",",,,X","","","","","",""
"BFW00012712","1968-12","26.61667","-78.36667","6.1","GOLD ROCK CREEK, BF","","","","","5",",X","2",",X","0",",X","0",",X","0",",X","","","","","","","","","","","","","","","19681231","+,,X","19681231","+,,X","","","19681229","+,,X","","","","","0",",,X,31,+","0",",,X,31,+","3.8",",,X,29,+","","","","","","","9.9",",,,X","0",",,,X","","","","","",""
"BFW00012712","1969-01","26.61667","-78.36667","6.1","GOLD ROCK CREEK, BF","","","","","8",",X","6",",X","0",",X","0",",X","0",",X","","","","","","","","","","","","","","","19690131","+,,X","19690131","+,,X","","","19690110",",,X","","","","","0",",,X,31,+","0",",,X,31,+","17.3",",,X,10,","","","","","","","55.7",",,,X","0",",,,X","","","","","",""
"BFW00012712","1969-02","26.61667","-78.36667","6.1","GOLD ROCK CREEK, BF","","","","","4",",X","3",",X","1",",X","0",",X","0",",X","","","","","","","","","","","","","","","19690228","+,,X","19690228","+,,X","","","19690216",",,X","","","","","0",",,X,28,+","0",",,X,28,+","33.5",",,X,16,","","","","","","","53.8",",,,X","0",",,,X","","","","","",""
"BFW00012712","1969-03","26.61667","-78.36667","6.1","GOLD ROCK CREEK, BF","","","","","12",",X","8",",X","1",",X","0",",X","0",",X","","","","","","","","","","","","","","","19690331","+,,X","19690331","+,,X","","","19690309",",,X","","","","","0",",,X,31,+","0",",,X,31,+","58.9",",,X,09,","","","","","","","158.5",",,,X","0",",,,X","","","","","",""
"BFW00012712","1969-04","26.61667","-78.36667","6.1","GOLD ROCK CREEK, BF","","","","","6",",X","5",",X","1",",X","0",",X","0",",X","","","","","","","","","","","","","","","19690430","+,,X","19690430","+,,X","","","19690420",",,X","","","","","0",",,X,30,+","0",",,X,30,+","59.7",",,X,20,","","","","","","","77.9",",,,X","0",",,,X","","","","","",""
"BFW00012712","1969-05","26.61667","-78.36667","6.1","GOLD ROCK CREEK, BF","","","","","14",",X","9",",X","1",",X","0",",X","0",",X","","","","","","","","","","","","","","","19690531","+,,X","19690531","+,,X","","","19690528",",,X","","","","","0",",,X,31,+","0",",,X,31,+","39.4",",,X,28,","","","","","","","113.2",",,,X","0",",,,X","","","","","",""
"BFW00012712","1969-06","26.61667","-78.36667","6.1","GOLD ROCK CREEK, BF","","","","","22",",X","18",",X","3",",X","0",",X","0",",X","","","","","","","","","","","","","","","19690630","+,,X","19690630","+,,X","","","19690619",",,X","","","","","0",",,X,30,+","0",",,X,30,+","68.8",",,X,19,","","","","","","","270.2",",,,X","0",",,,X","","","","","",""
