"STATION","DATE","LATITUDE","LONGITUDE","ELEVATION","NAME","CDSD","CDSD_ATTRIBUTES","CLDD","CLDD_ATTRIBUTES","DP01","DP01_ATTRIBUTES","DP10","DP10_ATTRIBUTES","DP1X","DP1X_ATTRIBUTES","DT00","DT00_ATTRIBUTES","DT32","DT32_ATTRIBUTES","DX32","DX32_ATTRIBUTES","DX70","DX70_ATTRIBUTES","DX90","DX90_ATTRIBUTES","DYNT","DYNT_ATTRIBUTES","DYXP","DYXP_ATTRIBUTES","DYXT","DYXT_ATTRIBUTES","EMNT","EMNT_ATTRIBUTES","EMXP","EMXP_ATTRIBUTES","EMXT","EMXT_ATTRIBUTES","HDSD","HDSD_ATTRIBUTES","HTDD","HTDD_ATTRIBUTES","PRCP","PRCP_ATTRIBUTES","TAVG","TAVG_ATTRIBUTES","TMAX","TMAX_ATTRIBUTES","TMIN","TMIN_ATTRIBUTES"
"BL000085043","1976-10","-11.0","-66.117","141.0","RIBERALTA, BL","","","","","3","4,I","3","4,I","1","4,I","","","","","","","","","","","","","19761016",",4,I","","","","","38.1","4,,I,16,","","","","","","","59.2","4,,,I","","","","","",""
"BL000085043","1977-09","-11.0","-66.117","141.0","RIBERALTA, BL","","","","","2","3,I","2","3,I","1","3,I","0","3,","0","3,I","","","","","","","19770903",",3,I","19770930",",3,I","","","12.0","3,I,03,","25.9","3,,I,30,","","","","","","","48.0","3,,,I","","","","","19.19","3,,,I"
"BL000085043","1977-10","-11.0","-66.117","141.0","RIBERALTA, BL","","","","","2","4,I","1","4,I","0","4,I","","","","","","","","","","","","","19771025",",4,I","","","","","3.0","4,,I,25,","","","","","","","4.0","4,,,I","","","","","",""
"BL000085043","1978-12","-11.0","-66.117","141.0","RIBERALTA, BL","","","","","10","2,I","8","2,I","2","2,I","0","3,","0","3,I","","","","","","","19781222",",3,I","19781203",",2,I","","","20.0","3,I,22,","35.1","2,,I,03,","","","","","","","114.3","2,,,I","","","","","21.54","3,,,I"
"BL000085043","1979-04","-11.0","-66.117","141.0","RIBERALTA, BL","","","","","5","3,I","4","3,I","0","3,I","","","","","","","","","","","","","19790421",",3,I","","","","","23.1","3,,I,21,","","","","","","","50.0","3,,,I","","","","","",""
"BL000085043","1980-01","-11.0","-66.117","141.0","RIBERALTA, BL","","","","","8","5,I","5","5,I","1","5,I","","","","","","","","","","","","","19800112",",5,I","","","","","110.0","5,,I,12,","","","","","","","164.0","5,,,I","","","","","",""
"BL000085043","1980-02","-11.0","-66.117","141.0","RIBERALTA, BL","","","","","9","2,I","7","2,I","2","2,I","","","","","","","","","","","","","19800228",",2,I","","","","","70.1","2,,I,28,","","","","","","","162.0","2,,,I","","","","","",""
"BL000085043","1980-03","-11.0","-66.117","141.0","RIBERALTA, BL","","","","","6","5,I","6","5,I","1","5,I","","","","","","","","","","","","","19800319",",5,I","","","","","39.9","5,,I,19,","","","","","","","91.0","5,,,I","","","","","",""
"BL000085043","1980-04","-11.0","-66.117","141.0","RIBERALTA, BL","","","","","0","5,I","0","5,I","0","5,I","","","","","","","","","","","","","19800430","+,5,I","","","","","0.0","5,,I,30,+","","","","","","","0.0","5,,,I","","","","","",""
"BL000085043","1980-11","-11.0","-66.117","141.0","RIBERALTA, BL","","","","","6","3,I","6","3,I","3","3,I","","","","","","","","","","","","","19801124",",3,I","","","","","80.0","3,,I,24,","","","","","","","187.0","3,,,I","","","","","",""
"BL000085043","1981-01","-11.0","-66.117","141.0","RIBERALTA, BL","","","","","10","3,I","9","3,I","1","3,I","","","","","","","","","","","","","19810115",",3,I","","","","","33.0","3,,I,15,","","","","","","","127.2","3,,,I","","","","","",""
"BL000085043","1981-03","-11.0","-66.117","141.0","RIBERALTA, BL","","","","","8","5,I","7","5,I","2","5,I","","","","","","","","","","","","","19810304",",5,I","","","","","59.9","5,,I,04,","","","","","","","135.9","5,,,I","","","","","",""
"BL000085043","1981-04","-11.0","-66.117","141.0","RIBERALTA, BL","","","","","5","5,I","5","5,I","1","5,I","","","","","","","","","","","","","19810407",",5,I","","","","","30.0","5,,I,07,","","","","","","","68.2","5,,,I","","","","","",""
"BL000085043","1981-05","-11.0","-66.117","141.0","RIBERALTA, BL","","","","","2","5,I","1","5,I","0","5,I","","","","","","","","","","","","","19810515",",5,I","","","","","4.1","5,,I,15,","","","","","","","5.1","5,,,I","","","","","",""
"BL000085043","1981-07","-11.0","-66.117","141.0","RIBERALTA, BL","","","","","0","5,I","0","5,I","0","5,I","","","","","","","","","","","","","19810731","+,5,I","","","","","0.0","5,,I,31,+","","","","","","","0.0","5,,,I","","","","","",""
"BL000085043","1981-09","-11.0","-66.117","141.0","RIBERALTA, BL","","","","","4","1,I","3","1,I","1","1,I","0","4,","0","4,I","","","","","","","19810916",",4,I","19810914",",1,I","","","13.0","4,I,16,","41.9","1,,I,14,","","","","","","","63.0","1,,,I","","","","","19.73","4,,,I"
"BL000085043","1981-10","-11.0","-66.117","141.0","RIBERALTA, BL","","","","","3","5,I","3","5,I","1","5,I","","","","","","","","","","","","","19811008",",5,I","","","","","130.0","5,,I,08,","","","","","","","143.0","5,,,I","","","","","",""
"BL000085043","1983-05","-11.0","-66.117","141.0","RIBERALTA, BL","","","","","","","","","","","","","","","0","2,I","29","2,I","20","2,I","","","","","19830529","+,2,I","","","","","35.0","2,I,29,+","","","","","","","","","32.04","2,,,I","",""
"BL000085043","1983-07","-11.0","-66.117","141.0","RIBERALTA, BL","","","","","","","","","","","0","5,I","0","5,I","0","5,I","26","5,I","18","5,I","19830717",",5,I","","","19830724",",5,I","13.0","5,I,17,","","","35.2","5,I,24,","","","","","","","25.44","8,I","31.88","5,,,I","19.00","5,,,I"
"BL000085043","1984-09","-11.0","-66.117","141.0","RIBERALTA, BL","","","","","","","","","","","","","","","0","4,I","26","4,I","23","4,I","","","","","19840920",",4,I","","","","","36.4","4,I,20,","","","","","","","","","33.95","4,,,I","",""
"BL000085043","1991-02","-11.0","-66.117","141.0","RIBERALTA, BL","","","","","","","","","","","","","","","0","5,I","23","5,I","12","5,I","","","","","19910225",",5,I","","","","","35.8","5,I,25,","","","","","","","","","31.93","5,,,I","",""
"BL000085043","1991-03","-11.0","-66.117","141.0","RIBERALTA, BL","","","","","","","","","","","0","5,I","0","5,I","","","","","","","19910324",",5,I","","","","","20.8","5,I,24,","","","","","","","","","","","","","","","22.49","5,,,I"
"BL000085043","1991-04","-11.0","-66.117","141.0","RIBERALTA, BL","","","","","","","","","","","0","2,I","0","2,I","","","","","","","19910420",",2,I","","","","","16.0","2,I,20,","","","","","","","","","","","","","","","21.97","2,,,I"
"BL000085043","1991-05","-11.0","-66.117","141.0","RIBERALTA, BL","","","","","","","","","","","0","2,I","0","2,I","","","","","","","19910507",",2,I","","","","","18.0","2,I,07,","","","","","","","","","","","","","","","21.59","2,,,I"
"BL000085043","1991-06","-11.0","-66.117","141.0","RIBERALTA, BL","","","","","","","","","","","0","4,I","0","4,I","","","","","","","19910609",",4,I","","","","","14.2","4,I,09,","","","","","","","","","","","","","","","19.14","4,,,I"
"BL000085043","1991-07","-11.0","-66.117","141.0","RIBERALTA, BL","","","","","","","","","","","0","5,I","0","5,I","","","","","","","19910724",",5,I","","","","","11.5","5,I,24,","","","","","","","","","","","","","","","16.45","5,,,I"
"BL000085043","1991-08","-11.0","-66.117","141.0","RIBERALTA, BL","","","","","","","","","","","0","5,I","0","5,I","","","","","","","19910803",",5,I","","","","","9.2","5,I,03,","","","","","","","","","","","","","","","17.05","5,,,I"
"BL000085043","1992-05","-11.0","-66.117","141.0","RIBERALTA, BL","","","","","","","","","","","0","5,I","0","5,I","","","","","","","19920531",",5,I","","","","","17.8","5,I,31,","","","","","","","","","","","","","","","22.30","5,,,I"
"BL000085043","1992-10","-11.0","-66.117","141.0","RIBERALTA, BL","","","","","","","","","","","","","","","0","5,I","26","5,I","19","5,I","","","","","19921002",",5,I","","","","","35.4","5,I,02,","","","","","","","","","32.65","5,,,I","",""
"BL000085043","1992-12","-11.0","-66.117","141.0","RIBERALTA, BL","","","","","","","","","","","","","","","0","2,I","29","2,I","8","2,I","","","","","19921214",",2,I","","","","","34.0","2,I,14,","","","","","","","","","30.63","2,,,I","",""
"BL000085043","1993-02","-11.0","-66.117","141.0","RIBERALTA, BL","","","","","18","4,I","14","4,I","2","4,I","","","","","","","","","","","","","19930209",",4,I","","","","","49.0","4,,I,09,","","","","","","","191.8","4,,,I","","","","","",""
"BL000085043","1993-04","-11.0","-66.117","141.0","RIBERALTA, BL","","","","","","","","","","","0","3,I","0","3,I","","","","","","","19930424",",3,I","","","","","19.7","3,I,24,","","","","","","","","","","","","","","","21.96","3,,,I"
"BL000085043","1993-09","-11.0","-66.117","141.0","RIBERALTA, BL","","","","","","","","","","","","","","","0","3,I","27","3,I","17","3,I","","","","","19930920",",3,I","","","","","37.2","3,I,20,","","","","","","","","","32.72","3,,,I","",""
"BL000085043","1994-01","-11.0","-66.117","141.0","RIBERALTA, BL","","","","","","","","","","","","","","","0","5,I","26","5,I","11","5,I","","","","","19940114",",5,I","","","","","34.4","5,I,14,","","","","","","","","","31.25","5,,,I","",""
"BL000085043","1994-02","-11.0","-66.117","141.0","RIBERALTA, BL","","","","","","","","","","","0","3,I","0","3,I","","","","","","","19940214","+,3,I","","","","","21.8","3,I,14,+","","","","","","","","","","","","","","","22.78","3,,,I"
"BL000085043","1994-05","-11.0","-66.117","141.0","RIBERALTA, BL","","","","","","","","","","","","","","","0","2,I","29","2,I","20","2,I","","","","","19940506",",2,I","","","","","34.6","2,I,06,","","","","","","","","","32.02","2,,,I","",""
"BL000085043","1994-06","-11.0","-66.117","141.0","RIBERALTA, BL","","","","","","","","","","","0","4,I","0","4,I","","","","","","","19940628",",4,I","","","","","9.0","4,I,28,","","","","","","","","","","","","","","","19.17","4,,,I"
"BL000085043","1994-07","-11.0","-66.117","141.0","RIBERALTA, BL","","","","","","","","","","","0","4,I","0","4,I","","","","","","","19940711",",4,I","","","","","8.8","4,I,11,","","","","","","","","","","","","","","","16.79","4,,,I"
"BL000085043","1994-09","-11.0","-66.117","141.0","RIBERALTA, BL","","","","","","","","","","","0","5,I","0","5,I","","","","","","","19940904",",5,I","","","","","18.3","5,I,04,","","","","","","","","","","","","","","","21.20","5,,,I"
"BL000085043","1994-10","-11.0","-66.117","141.0","RIBERALTA, BL","","","","","","","","","","","0","3,I","0","3,I","0","4,I","27","4,I","21","4,I","19941003",",3,I","","","19941010","+,4,I","19.5","3,I,03,","","","37.3","4,I,10,+","","","","","","","27.99","7,I","33.66","4,,,I","22.32","3,,,I"
"BL000085043","1994-11","-11.0","-66.117","141.0","RIBERALTA, BL","","","","","","","","","","","0","3,I","0","3,I","","","","","","","19941104",",3,I","","","","","20.6","3,I,04,","","","","","","","","","","","","","","","22.18","3,,,I"
"BL000085043","1994-12","-11.0","-66.117","141.0","RIBERALTA, BL","","","","","19","5,I","17","5,I","3","5,I","","","","","0","5,I","26","5,I","13","5,I","","","19941230",",5,I","19941202",",5,I","","","42.9","5,,I,30,","34.4","5,I,02,","","","","","237.7","5,,,I","","","31.96","5,,,I","",""
"BL000085043","1995-01","-11.0","-66.117","141.0","RIBERALTA, BL","","","","","20","2,I","15","2,I","5","2,I","0","3,I","0","3,I","0","5,I","26","5,I","12","5,I","19950115",",3,I","19950126",",2,I","19950120",",5,I","20.5","3,I,15,","59.9","2,,I,26,","35.0","5,I,20,","","","","","290.7","2,,,I","27.20","8,I","31.62","5,,,I","22.78","3,,,I"
"BL000085043","1995-02","-11.0","-66.117","141.0","RIBERALTA, BL","","","","","15","5,I","14","5,I","3","5,I","0","3,I","0","3,I","0","5,I","23","5,I","7","5,I","19950208",",3,I","19950213",",5,I","19950201",",5,I","21.0","3,I,08,","78.0","5,,I,13,","34.4","5,I,01,","","","","","310.9","5,,,I","26.89","7,I","31.25","5,,,I","22.53","3,,,I"
"BL000085043","1995-03","-11.0","-66.117","141.0","RIBERALTA, BL","","","","","","","","","","","0","4,I","0","4,I","0","3,I","28","3,I","14","3,I","19950305",",4,I","","","19950329",",3,I","20.1","4,I,05,","","","34.8","3,I,29,","","","","","","","26.94","7,I","31.42","3,,,I","22.46","4,,,I"
"BL000085043","1995-04","-11.0","-66.117","141.0","RIBERALTA, BL","","","","","","","","","","","0","5,I","0","5,I","","","","","","","19950413",",5,I","","","","","16.2","5,I,13,","","","","","","","","","","","","","","","21.42","5,,,I"
"BL000085043","1995-05","-11.0","-66.117","141.0","RIBERALTA, BL","","","","","","","","","","","0","5,I","0","5,I","","","","","","","19950508",",5,I","","","","","15.4","5,I,08,","","","","","","","","","","","","","","","20.02","5,,,I"
"BL000085043","1995-06","-11.0","-66.117","141.0","RIBERALTA, BL","","","","","","","","","","","0","2,I","0","2,I","0","4,I","26","4,I","15","4,I","19950620",",2,I","","","19950601",",4,I","12.5","2,I,20,","","","34.5","4,I,01,","","","","","","","25.08","6,I","31.81","4,,,I","18.35","2,,,I"
"BL000085043","1995-07","-11.0","-66.117","141.0","RIBERALTA, BL","","","","","","","","","","","0","2,I","0","2,I","0","4,I","27","4,I","22","4,I","19950722",",2,I","","","19950729","+,4,I","11.5","2,I,22,","","","35.4","4,I,29,+","","","","","","","26.08","6,I","33.30","4,,,I","18.85","2,,,I"
"BL000085043","1995-08","-11.0","-66.117","141.0","RIBERALTA, BL","","","","","","","","","","","0","4,I","0","4,I","0","2,I","29","2,I","24","2,I","19950820",",4,I","","","19950816",",2,I","12.5","4,I,20,","","","37.0","2,I,16,","","","","","","","26.24","6,I","33.63","2,,,I","18.86","4,,,I"
"BL000085043","1995-09","-11.0","-66.117","141.0","RIBERALTA, BL","","","","","","","","","","","0","4,I","0","4,I","","","","","","","19950921",",4,I","","","","","12.0","4,I,21,","","","","","","","","","","","","","","","20.57","4,,,I"
"BL000085043","1995-10","-11.0","-66.117","141.0","RIBERALTA, BL","","","","","","","","","","","0","5,I","0","5,I","0","5,I","26","5,I","20","5,I","19951015",",5,I","","","19951007",",5,I","16.6","5,I,15,","","","39.3","5,I,07,","","","","","","","27.74","8,I","34.10","5,,,I","21.38","5,,,I"
"BL000085043","1995-11","-11.0","-66.117","141.0","RIBERALTA, BL","","","","","","","","","","","0","5,I","0","5,I","0","5,I","25","5,I","17","5,I","19951128",",5,I","","","19951102",",5,I","17.5","5,I,28,","","","36.4","5,I,02,","","","","","","","27.51","9,I","33.04","5,,,I","21.98","5,,,I"
"BL000085043","1995-12","-11.0","-66.117","141.0","RIBERALTA, BL","","","","","","","","","","","","","","","0","3,I","28","3,I","15","3,I","","","","","19951216",",3,I","","","","","34.8","3,I,16,","","","","","","","","","32.16","3,,,I","",""
"BL000085043","1996-01","-11.0","-66.117","141.0","RIBERALTA, BL","","","","","","","","","","","0","5,I","0","5,I","0","4,I","27","4,I","6","4,I","19960125",",5,I","","","19960123",",4,I","20.1","5,I,25,","","","33.2","4,I,23,","","","","","","","26.33","8,I","30.79","4,,,I","21.87","5,,,I"
"BL000085043","1996-02","-11.0","-66.117","141.0","RIBERALTA, BL","","","198.4","5,I","15","5,I","12","5,I","2","5,I","0","4,I","0","4,I","0","2,I","27","2,I","12","2,I","19960213",",4,I","19960217",",5,I","19960225","+,2,I","19.5","4,I,13,","62.0","5,,I,17,","33.4","2,I,25,+","","","0.0","2,I","199.4","5,,,I","26.60","5,I","31.04","2,,,I","22.17","4,,,I"
"BL000085043","1996-03","-11.0","-66.117","141.0","RIBERALTA, BL","","","","","","","","","","","","","","","0","4,I","27","4,I","8","4,I","","","","","19960331","+,4,I","","","","","33.5","4,I,31,+","","","","","","","","","30.98","4,,,I","",""
"BL000085043","1996-04","-11.0","-66.117","141.0","RIBERALTA, BL","","","","","","","","","","","0","3,I","0","3,I","","","","","","","19960419",",3,I","","","","","18.0","3,I,19,","","","","","","","","","","","","","","","22.00","3,,,I"
"BL000085043","1996-05","-11.0","-66.117","141.0","RIBERALTA, BL","","","","","","","","","","","0","4,I","0","4,I","0","5,I","26","5,I","8","5,I","19960531","+,4,I","","","19960519",",5,I","19.5","4,I,31,+","","","33.5","5,I,19,","","","","","","","26.38","9,I","31.43","5,,,I","21.33","4,,,I"
"BL000085043","1996-06","-11.0","-66.117","141.0","RIBERALTA, BL","","","","","","","","","","","0","3,I","0","3,I","0","4,I","24","4,I","12","4,I","19960629",",3,I","","","19960617","+,4,I","9.5","3,I,29,","","","34.8","4,I,17,+","","","","","","","23.20","7,I","29.75","4,,,I","16.65","3,,,I"
"BL000085043","1996-07","-11.0","-66.117","141.0","RIBERALTA, BL","","","","","","","","","","","0","4,I","0","4,I","0","4,I","27","4,I","17","4,I","19960701",",4,I","","","19960726",",4,I","11.0","4,I,01,","","","34.7","4,I,26,","","","","","","","24.28","7,I","32.61","4,,,I","15.94","4,,,I"
"BL000085043","1996-08","-11.0","-66.117","141.0","RIBERALTA, BL","","","","","","","","","","","0","5,I","0","5,I","0","3,I","28","3,I","25","3,I","19960830",",5,I","","","19960815",",3,I","12.8","5,I,30,","","","37.0","3,I,15,","","","","","","","26.94","8,I","34.10","3,,,I","19.78","5,,,I"
"BL000085043","1996-09","-11.0","-66.117","141.0","RIBERALTA, BL","","","191.9","5,I","","","","","","","0","3,I","0","3,I","0","4,I","25","4,I","18","4,I","19960911",",3,I","","","19960905","+,4,I","12.9","3,I,11,","","","36.5","4,I,05,+","","","0.6","4,I","","","26.08","5,I","32.60","4,,,I","19.55","3,,,I"
"BL000085043","1996-11","-11.0","-66.117","141.0","RIBERALTA, BL","","","","","","","","","","","0","4,I","0","4,I","","","","","","","19961117",",4,I","","","","","20.7","4,I,17,","","","","","","","","","","","","","","","22.07","4,,,I"
"BL000085043","1996-12","-11.0","-66.117","141.0","RIBERALTA, BL","","","","","","","","","","","0","4,I","0","4,I","","","","","","","19961211",",4,I","","","","","20.1","4,I,11,","","","","","","","","","","","","","","","22.41","4,,,I"
"BL000085043","1997-02","-11.0","-66.117","141.0","RIBERALTA, BL","","","","","","","","","","","","","","","0","3,I","25","3,I","11","3,I","","","","","19970214",",3,I","","","","","34.0","3,I,14,","","","","","","","","","31.16","3,,,I","",""
"BL000085043","1997-03","-11.0","-66.117","141.0","RIBERALTA, BL","","","","","","","","","","","0","5,I","0","5,I","0","1,I","30","1,I","6","1,I","19970331",",5,I","","","19970317","+,1,I","19.8","5,I,31,","","","33.0","1,I,17,+","","","","","","","26.20","6,I","29.99","1,,,I","22.42","5,,,I"
"BL000085043","1997-07","-11.0","-66.117","141.0","RIBERALTA, BL","","","","","","","","","","","0","3,I","0","3,I","","","","","","","19970701",",3,I","","","","","14.9","3,I,01,","","","","","","","","","","","","","","","18.18","3,,,I"
"BL000085043","1997-08","-11.0","-66.117","141.0","RIBERALTA, BL","","","188.0","5,I","","","","","","","0","3,I","0","3,I","0","2,I","29","2,I","19","2,I","19970810",",3,I","","","19970831",",2,I","14.0","3,I,10,","","","35.3","2,I,31,","","","0.0","2,I","","","25.30","5,I","31.62","2,,,I","18.98","3,,,I"
"BL000085043","1998-07","-11.0","-66.117","141.0","RIBERALTA, BL","","","","","","","","","","","0","2,I","0","2,I","","","","","","","19980713","+,2,I","","","","","14.1","2,I,13,+","","","","","","","","","","","","","","","18.84","2,,,I"
"BL000085043","1999-06","-11.0","-66.117","141.0","RIBERALTA, BL","","","","","","","","","","","0","5,","0","5,I","","","","","","","19990611",",5,I","","","","","14.4","5,I,11,","","","","","","","","","","","","","","","19.38","5,,,I"
"BL000085043","1999-07","-11.0","-66.117","141.0","RIBERALTA, BL","","","","","","","","","","","0","3,","0","3,I","","","","","","","19990706",",3,I","","","","","12.0","3,I,06,","","","","","","","","","","","","","","","17.23","3,,,I"
"BL000085043","1999-08","-11.0","-66.117","141.0","RIBERALTA, BL","","","","","","","","","","","0","3,I","0","3,I","","","","","","","19990816",",3,I","","","","","8.4","3,I,16,","","","","","","","","","","","","","","","16.70","3,,,I"
"BL000085043","1999-11","-11.0","-66.117","141.0","RIBERALTA, BL","","","","","","","","","","","0","5,","0","5,I","","","","","","","19991106",",5,I","","","","","17.8","5,I,06,","","","","","","","","","","","","","","","21.58","5,,,I"
"BL000085043","1999-12","-11.0","-66.117","141.0","RIBERALTA, BL","","","","","","","","","","","0","4,","0","4,I","","","","","","","19991208",",4,I","","","","","20.0","4,I,08,","","","","","","","","","","","","","","","22.15","4,,,I"
"BL000085043","2000-02","-11.0","-66.117","141.0","RIBERALTA, BL","","","","","","","","","","","0","4,I","0","4,I","","","","","","","20000217",",4,I","","","","","20.3","4,I,17,","","","","","","","","","","","","","","","22.07","4,,,I"
"BL000085043","2000-03","-11.0","-66.117","141.0","RIBERALTA, BL","","","","","","","","","","","0","2,","0","2,I","","","","","","","20000331",",2,I","","","","","19.2","2,I,31,","","","","","","","","","","","","","","","21.93","2,,,I"
"BL000085043","2000-05","-11.0","-66.117","141.0","RIBERALTA, BL","","","","","","","","","","","0","5,","0","5,I","","","","","","","20000519",",5,I","","","","","15.3","5,I,19,","","","","","","","","","","","","","","","19.78","5,,,I"
"BL000085043","2000-06","-11.0","-66.117","141.0","RIBERALTA, BL","","","","","","","","","","","0","2,I","0","2,I","","","","","","","20000623",",2,I","","","","","14.0","2,I,23,","","","","","","","","","","","","","","","18.64","2,,,I"
"BL000085043","2000-09","-11.0","-66.117","141.0","RIBERALTA, BL","","","","","","","","","","","0","3,","0","3,I","","","","","","","20000916",",3,I","","","","","14.8","3,I,16,","","","","","","","","","","","","","","","19.75","3,,,I"
"BL000085043","2000-10","-11.0","-66.117","141.0","RIBERALTA, BL","","","","","","","","","","","0","1,","0","1,I","","","","","","","20001015",",1,I","","","","","20.1","1,I,15,","","","","","","","","","","","","","","","21.52","1,,,I"
"BL000085043","2000-11","-11.0","-66.117","141.0","RIBERALTA, BL","","","","","","","","","","","0","3,I","0","3,I","","","","","","","20001117",",3,I","","","","","18.2","3,I,17,","","","","","","","","","","","","","","","21.59","3,,,I"
"BL000085043","2000-12","-11.0","-66.117","141.0","RIBERALTA, BL","","","","","","","","","","","0","4,I","0","4,I","","","","","","","20001218",",4,I","","","","","18.0","4,I,18,","","","","","","","","","","","","","","","21.97","4,,,I"
"BL000085043","2001-04","-11.0","-66.117","141.0","RIBERALTA, BL","","","","","","","","","","","0","3,","0","3,I","","","","","","","20010426",",3,I","","","","","17.2","3,I,26,","","","","","","","","","","","","","","","21.77","3,,,I"
"BL000085043","2001-05","-11.0","-66.117","141.0","RIBERALTA, BL","","","","","","","","","","","0","4,I","0","4,I","","","","","","","20010514",",4,I","","","","","15.8","4,I,14,","","","","","","","","","","","","","","","20.07","4,,,I"
"BL000085043","2001-06","-11.0","-66.117","141.0","RIBERALTA, BL","","","","","","","","","","","0","4,I","0","4,I","","","","","","","20010621",",4,I","","","","","7.0","4,I,21,","","","","","","","","","","","","","","","16.48","4,,,I"
"BL000085043","2001-07","-11.0","-66.117","141.0","RIBERALTA, BL","184.0","I","184.0","4,I","","","","","","","0","3,I","0","3,I","0","1,I","30","1,I","21","1,I","20010729",",3,I","","","20010721",",1,I","10.8","3,I,29,","","","35.4","1,I,21,","","","0.7","1,I","","","25.09","4,I","31.87","1,,,I","18.30","3,,,I"
"BL000085043","2001-08","-11.0","-66.117","141.0","RIBERALTA, BL","428.9","I","244.9","3,I","","","","","","","0","2,I","0","2,I","0","1,I","30","1,I","29","1,I","20010821",",2,I","","","20010826",",1,I","15.5","2,I,21,","","","37.3","1,I,26,","","","0.0","1,I","","","27.10","3,I","35.30","1,,,I","18.90","2,,,I"
"BL000085043","2001-09","-11.0","-66.117","141.0","RIBERALTA, BL","","","","","","","","","","","0","4,I","0","4,I","0","4,I","26","4,I","23","4,I","20010917",",4,I","","","20010914",",4,I","13.8","4,I,17,","","","37.8","4,I,14,","","","","","","","27.86","7,I","34.88","4,,,I","20.84","4,,,I"
"BL000085043","2001-10","-11.0","-66.117","141.0","RIBERALTA, BL","","","304.3","1,I","","","","","","","0",",I","0",",I","0","1,I","30","1,I","24","1,I","20011023",",,I","","","20011008",",1,I","18.8",",I,23,","","","38.4","1,I,08,","","","0.0","1,I","","","28.50","1,I","35.04","1,,,I","21.96",",,,I"
"BL000085043","2001-11","-11.0","-66.117","141.0","RIBERALTA, BL","","","235.2","5,I","","","","","","","0","5,I","0","5,I","0",",I","30",",I","21",",I","20011126",",5,I","","","20011109",",,I","19.4","5,I,26,","","","36.1",",I,09,","","","0.0",",I","","","27.73","5,I","33.15",",,,I","22.31","5,,,I"
"BL000085043","2001-12","-11.0","-66.117","141.0","RIBERALTA, BL","","","","","","","","","","","0","5,I","0","5,I","0","5,I","26","5,I","17","5,I","20011205",",5,I","","","20011219",",5,I","19.5","5,I,05,","","","34.8","5,I,19,","","","","","","","27.16","9,I","32.33","5,,,I","21.98","5,,,I"
"BL000085043","2002-01","-11.0","-66.117","141.0","RIBERALTA, BL","","","246.3","5,I","","","","","","","0","4,I","0","4,I","0","2,I","29","2,I","22","2,I","20020117",",4,I","","","20020123",",2,I","21.2","4,I,17,","","","35.8","2,I,23,","0.0","I","0.0","2,I","","","27.77","5,I","33.12","2,,,I","22.42","4,,,I"
"BL000085043","2002-02","-11.0","-66.117","141.0","RIBERALTA, BL","","","201.4","5,I","","","","","","","0","4,I","0","4,I","0","1,I","27","1,I","9","1,I","20020208",",4,I","","","20020226",",1,I","20.9","4,I,08,","","","35.5","1,I,26,","0.0","I","0.0","1,I","","","26.95","5,I","31.57","1,,,I","22.33","4,,,I"
"BL000085043","2002-03","-11.0","-66.117","141.0","RIBERALTA, BL","","","239.5","5,I","","","","","","","0",",I","0",",I","0","5,I","26","5,I","17","5,I","20020312",",,I","","","20020320",",5,I","21.4",",I,12,","","","34.5","5,I,20,","0.0","I","0.0","5,I","","","27.54","5,I","32.68","5,,,I","22.40",",,,I"
"BL000085043","2002-04","-11.0","-66.117","141.0","RIBERALTA, BL","","","","","","","","","","","0","2,I","0","2,I","0","5,I","25","5,I","16","5,I","20020416",",2,I","","","20020408",",5,I","20.0","2,I,16,","","","35.4","5,I,08,","","","","","","","27.53","6,I","32.76","5,,,I","22.29","2,,,I"
"BL000085043","2002-05","-11.0","-66.117","141.0","RIBERALTA, BL","","","260.7","1,I","","","","","","","0","1,I","0","1,I","0","1,I","30","1,I","20","1,I","20020522",",1,I","","","20020503",",1,I","16.5","1,I,22,","","","35.5","1,I,03,","","","0.0","1,I","","","27.02","1,I","32.35","1,,,I","21.70","1,,,I"
"BL000085043","2002-06","-11.0","-66.117","141.0","RIBERALTA, BL","","","","","","","","","","","0","5,I","0","5,I","","","","","","","20020626",",5,I","","","","","13.2","5,I,26,","","","","","","","","","","","","","","","18.87","5,,,I"
"BL000085043","2002-07","-11.0","-66.117","141.0","RIBERALTA, BL","","","","","","","","","","","0","3,I","0","3,I","0","5,I","26","5,I","12","5,I","20020706",",3,I","","","20020725",",5,I","14.2","3,I,06,","","","35.4","5,I,25,","","","","","","","24.88","7,I","31.17","5,,,I","18.60","3,,,I"
"BL000085043","2002-08","-11.0","-66.117","141.0","RIBERALTA, BL","","","250.8","3,I","","","","","","","0","2,I","0","2,I","0","1,I","30","1,I","26","1,I","20020803",",2,I","","","20020829","+,1,I","13.2","2,I,03,","","","36.6","1,I,29,+","","","0.0","1,I","","","27.16","3,I","34.22","1,,,I","20.11","2,,,I"
"BL000085043","2002-09","-11.0","-66.117","141.0","RIBERALTA, BL","","","","","","","","","","","0","2,I","0","2,I","0","4,I","26","4,I","23","4,I","20020902",",2,I","","","20020906",",4,I","13.7","2,I,02,","","","37.4","4,I,06,","","","","","","","27.33","6,I","34.24","4,,,I","20.42","2,,,I"
"BL000085043","2002-10","-11.0","-66.117","141.0","RIBERALTA, BL","","","","","","","","","","","0","4,I","0","4,I","0","2,I","29","2,I","25","2,I","20021023",",4,I","","","20021021",",2,I","16.0","4,I,23,","","","37.4","2,I,21,","","","","","","","28.52","6,I","35.06","2,,,I","21.98","4,,,I"
"BL000085043","2002-11","-11.0","-66.117","141.0","RIBERALTA, BL","","","253.7","3,I","","","","","","","0","2,I","0","2,I","0","2,I","28","2,I","23","2,I","20021105",",2,I","","","20021118",",2,I","17.2","2,I,05,","","","36.8","2,I,18,","","","0.0","2,I","","","27.76","3,I","34.02","2,,,I","21.50","2,,,I"
"BL000085043","2002-12","-11.0","-66.117","141.0","RIBERALTA, BL","","","250.1","3,I","","","","","","","0","1,I","0","1,I","0","2,I","29","2,I","20","2,I","20021218","+,1,I","","","20021202",",2,I","21.3","1,I,18,+","","","35.2","2,I,02,","","","0.0","2,I","","","27.29","3,I","32.26","2,,,I","22.32","1,,,I"
"BL000085043","2003-01","-11.0","-66.117","141.0","RIBERALTA, BL","","","264.6","3,I","","","","","","","0","2,I","0","2,I","0","2,I","29","2,I","21","2,I","20030125",",2,I","","","20030106",",2,I","21.1","2,I,25,","","","36.1","2,I,06,","0.0","I","0.0","2,I","","","27.81","3,I","33.01","2,,,I","22.61","2,,,I"
"BL000085043","2003-02","-11.0","-66.117","141.0","RIBERALTA, BL","","","","","","","","","","","0","4,I","0","4,I","0","5,I","23","5,I","14","5,I","20030222",",4,I","","","20030221","+,5,I","19.4","4,I,22,","","","35.5","5,I,21,+","","","","","","","27.45","8,I","32.78","5,,,I","22.13","4,,,I"
"BL000085043","2003-03","-11.0","-66.117","141.0","RIBERALTA, BL","","","","","","","","","","","0","3,I","0","3,I","","","","","","","20030306","+,3,I","","","","","21.0","3,I,06,+","","","","","","","","","","","","","","","22.12","3,,,I"
"BL000085043","2003-04","-11.0","-66.117","141.0","RIBERALTA, BL","","","","","","","","","","","0","3,I","0","3,I","0","4,I","26","4,I","15","4,I","20030415",",3,I","","","20030427",",4,I","18.5","3,I,15,","","","36.0","4,I,27,","","","","","","","26.79","7,I","32.15","4,,,I","21.42","3,,,I"
"BL000085043","2003-05","-11.0","-66.117","141.0","RIBERALTA, BL","","","216.7","5,I","","","","","","","0","2,I","0","2,I","0","4,I","27","4,I","17","4,I","20030507",",2,I","","","20030518","+,4,I","16.8","2,I,07,","","","35.8","4,I,18,+","","","0.0","4,I","","","26.71","5,I","32.63","4,,,I","20.80","2,,,I"
"BL000085043","2003-06","-11.0","-66.117","141.0","RIBERALTA, BL","","","","","","","","","","","0","4,I","0","4,I","","","","","","","20030605",",4,I","","","","","14.2","4,I,05,","","","","","","","","","","","","","","","19.87","4,,,I"
"BL000085043","2003-07","-11.0","-66.117","141.0","RIBERALTA, BL","199.8","I","199.8","4,I","","","","","","","0","3,I","0","3,I","0","1,I","30","1,I","23","1,I","20030714",",3,I","","","20030724",",1,I","13.0","3,I,14,","","","37.1","1,I,24,","","","0.0","1,I","","","25.47","4,I","32.89","1,,,I","18.05","3,,,I"
"BL000085043","2003-08","-11.0","-66.117","141.0","RIBERALTA, BL","","","","","","","","","","","0","2,I","0","2,I","0","4,I","27","4,I","18","4,I","20030830",",2,I","","","20030822",",4,I","13.0","2,I,30,","","","37.3","4,I,22,","","","","","","","25.35","6,I","32.80","4,,,I","17.90","2,,,I"
"BL000085043","2003-10","-11.0","-66.117","141.0","RIBERALTA, BL","","","262.6","4,I","","","","","","","0","1,I","0","1,I","0","4,I","27","4,I","24","4,I","20031014",",1,I","","","20031020",",4,I","18.7","1,I,14,","","","37.8","4,I,20,","","","0.0","4,I","","","28.13","4,I","34.45","4,,,I","21.80","1,,,I"
"BL000085043","2003-11","-11.0","-66.117","141.0","RIBERALTA, BL","","","243.5","4,I","","","","","","","0","2,I","0","2,I","0","2,I","28","2,I","21","2,I","20031102",",2,I","","","20031109",",2,I","16.5","2,I,02,","","","36.6","2,I,09,","","","0.0","2,I","","","27.53","4,I","33.29","2,,,I","21.76","2,,,I"
"BL000085043","2003-12","-11.0","-66.117","141.0","RIBERALTA, BL","","","249.5","5,I","","","","","","","0","1,I","0","1,I","0","5,I","26","5,I","22","5,I","20031230",",1,I","","","20031203",",5,I","21.0","1,I,30,","","","35.8","5,I,03,","","","0.0","5,I","","","27.94","5,I","33.47","5,,,I","22.41","1,,,I"
"BL000085043","2004-01","-11.0","-66.117","141.0","RIBERALTA, BL","","","","","","","","","","","0","3,S","0","3,S","0","3,S","28","3,S","15","3,S","20040106",",3,S","","","20040128",",3,S","20.0","3,S,06,","","","36.4","3,S,28,","","","","","","","27.19","6,S","32.06","3,,,S","22.31","3,,,S"
"BL000085043","2004-02","-11.0","-66.117","141.0","RIBERALTA, BL","","","232.8","2,S","","","","","","","0",",S","0",",S","0","2,S","27","2,S","18","2,S","20040224",",,S","","","20040225",",2,S","18.4",",S,24,","","","35.4","2,S,25,","","","0.0","2,S","","","26.97","2,S","31.90","2,,,S","22.04",",,,S"
"BL000085043","2004-03","-11.0","-66.117","141.0","RIBERALTA, BL","","","265.5","3,S","","","","","","","0","2,S","0","2,S","0","1,S","30","1,S","25","1,S","20040308",",2,S","","","20040301",",1,S","21.0","2,S,08,","","","35.8","1,S,01,","","","0.0","1,S","","","27.82","3,S","33.08","1,,,S","22.56","2,,,S"
"BL000085043","2004-04","-11.0","-66.117","141.0","RIBERALTA, BL","","","","","","","","","","","0","3,S","0","3,S","0","5,S","25","5,S","19","5,S","20040428",",3,S","","","20040402",",5,S","19.3","3,S,28,","","","36.4","5,S,02,","","","","","","","27.46","8,S","32.74","5,,,S","22.19","3,,,S"
"BL000085043","2004-05","-11.0","-66.117","141.0","RIBERALTA, BL","","","","","","","","","","","0","3,S","0","3,S","0","5,S","24","5,S","8","5,S","20040527",",3,S","","","20040513",",5,S","14.3","3,S,27,","","","34.4","5,S,13,","","","","","","","23.53","8,S","28.57","5,,,S","18.49","3,,,S"
"BL000085043","2004-06","-11.0","-66.117","141.0","RIBERALTA, BL","","","176.2","3,S","","","","","","","0","3,S","0","3,S","0",",S","30",",S","15",",S","20040614",",3,S","","","20040628",",,S","12.1","3,S,14,","","","34.3",",S,28,","","","0.4",",S","","","24.75","3,S","30.99",",,,S","18.51","3,,,S"
"BL000085043","2004-07","-11.0","-66.117","141.0","RIBERALTA, BL","","","","","","","","","","","0","4,S","0","4,S","0","5,S","26","5,S","17","5,S","20040731",",4,S","","","20040725",",5,S","11.0","4,S,31,","","","34.8","5,S,25,","","","","","","","25.09","8,S","31.85","5,,,S","18.32","4,,,S"
"BL000085043","2004-08","-11.0","-66.117","141.0","RIBERALTA, BL","","","213.3","4,S","","","","","","","0",",S","0",",S","0","4,S","27","4,S","21","4,S","20040809",",,S","","","20040805",",4,S","11.4",",S,09,","","","35.8","4,S,05,","","","0.0","4,S","","","26.20","4,S","33.80","4,,,S","18.60",",,,S"
"BL000085043","2004-09","-11.0","-66.117","141.0","RIBERALTA, BL","","","","","","","","","","","0","3,S","0","3,S","","","","","","","20040914",",3,S","","","","","11.6","3,S,14,","","","","","","","","","","","","","","","20.38","3,,,S"
"BL000085043","2004-10","-11.0","-66.117","141.0","RIBERALTA, BL","","","","","","","","","","","0","1,S","0","1,S","","","","","","","20041028",",1,S","","","","","19.8","1,S,28,","","","","","","","","","","","","","","","21.92","1,,,S"
"BL000085043","2005-01","-11.0","-66.117","141.0","RIBERALTA, BL","","","","","","","","","","","0","3,S","0","3,S","0","5,S","26","5,S","19","5,S","20050118",",3,S","","","20050120",",5,S","20.7","3,S,18,","","","36.4","5,S,20,","","","","","","","27.81","7,S","33.18","5,,,S","22.44","3,,,S"
"BL000085043","2005-02","-11.0","-66.117","141.0","RIBERALTA, BL","","","198.0","5,S","","","","","","","0","3,S","0","3,S","0","3,S","25","3,S","11","3,S","20050203","+,3,S","","","20050205",",3,S","19.0","3,S,03,+","","","35.3","3,S,05,","","","0.0","3,S","","","27.02","5,S","32.06","3,,,S","21.97","3,,,S"
"BL000085043","2005-03","-11.0","-66.117","141.0","RIBERALTA, BL","","","269.5","1,S","","","","","","","0",",S","0",",S","0","1,S","30","1,S","20","1,S","20050325",",,S","","","20050308",",1,S","19.8",",S,25,","","","35.0","1,S,08,","","","0.0","1,S","","","27.28","1,S","32.29","1,,,S","22.26",",,,S"
"BL000085043","2005-04","-11.0","-66.117","141.0","RIBERALTA, BL","","","","","","","","","","","0","2,S","0","2,S","","","","","","","20050427",",2,S","","","","","12.8","2,S,27,","","","","","","","","","","","","","","","21.08","2,,,S"
"BL000085043","2005-05","-11.0","-66.117","141.0","RIBERALTA, BL","","","255.3","1,S","","","","","","","0",",S","0",",S","0","1,S","30","1,S","21","1,S","20050501",",,S","","","20050513",",1,S","16.2",",S,01,","","","36.1","1,S,13,","","","0.0","1,S","","","26.85","1,S","32.61","1,,,S","21.08",",,,S"
"BL000085043","2005-06","-11.0","-66.117","141.0","RIBERALTA, BL","","","","","","","","","","","0","2,S","0","2,S","","","","","","","20050621",",2,S","","","","","17.4","2,S,21,","","","","","","","","","","","","","","","19.97","2,,,S"
"BL000085043","2005-07","-11.0","-66.117","141.0","RIBERALTA, BL","","","","","","","","","","","0","2,S","0","2,S","","","","","","","20050720",",2,S","","","","","11.0","2,S,20,","","","","","","","","","","","","","","","16.93","2,,,S"
"BL000085043","2005-08","-11.0","-66.117","141.0","RIBERALTA, BL","","","","","","","","","","","0","2,S","0","2,S","","","","","","","20050810",",2,S","","","","","12.0","2,S,10,","","","","","","","","","","","","","","","19.36","2,,,S"
"BL000085043","2005-09","-11.0","-66.117","141.0","RIBERALTA, BL","","","","","","","","","","","0","3,S","0","3,S","","","","","","","20050914",",3,S","","","","","11.0","3,S,14,","","","","","","","","","","","","","","","18.27","3,,,S"
"BL000085043","2005-10","-11.0","-66.117","141.0","RIBERALTA, BL","","","","","","","","","","","0","4,S","0","4,S","","","","","","","20051007",",4,S","","","","","17.6","4,S,07,","","","","","","","","","","","","","","","21.79","4,,,S"
"BL000085043","2005-11","-11.0","-66.117","141.0","RIBERALTA, BL","","","","","","","","","","","0","2,S","0","2,S","","","","","","","20051126","+,2,S","","","","","20.6","2,S,26,+","","","","","","","","","","","","","","","22.03","2,,,S"
"BL000085043","2005-12","-11.0","-66.117","141.0","RIBERALTA, BL","","","","","17","5,S","16","5,S","3","5,S","","","","","","","","","","","","","20051213","+,5,S","","","","","41.9","5,,S,13,+","","","","","","","312.9","5,,,S","","","","","",""
"BL000085043","2006-01","-11.0","-66.117","141.0","RIBERALTA, BL","","","","","","","","","","","0","1,S","0","1,S","","","","","","","20060127","+,1,S","","","","","20.4","1,S,27,+","","","","","","","","","","","","","","","21.63","1,,,S"
"BL000085043","2006-02","-11.0","-66.117","141.0","RIBERALTA, BL","","","","","","","","","","","0","2,S","0","2,S","","","","","","","20060226",",2,S","","","","","20.6","2,S,26,","","","","","","","","","","","","","","","22.10","2,,,S"
"BL000085043","2006-03","-11.0","-66.117","141.0","RIBERALTA, BL","","","","","","","","","","","0","1,S","0","1,S","","","","","","","20060328",",1,S","","","","","21.2","1,S,28,","","","","","","","","","","","","","","","22.44","1,,,S"
"BL000085043","2006-04","-11.0","-66.117","141.0","RIBERALTA, BL","","","","","","","","","","","0","1,S","0","1,S","","","","","","","20060418",",1,S","","","","","16.6","1,S,18,","","","","","","","","","","","","","","","21.53","1,,,S"
"BL000085043","2006-05","-11.0","-66.117","141.0","RIBERALTA, BL","","","","","","","","","","","0","4,S","0","4,S","","","","","","","20060514",",4,S","","","","","12.3","4,S,14,","","","","","","","","","","","","","","","17.05","4,,,S"
"BL000085043","2006-06","-11.0","-66.117","141.0","RIBERALTA, BL","","","","","","","","","","","0","4,S","0","4,S","","","","","","","20060613",",4,S","","","","","18.1","4,S,13,","","","","","","","","","","","","","","","19.71","4,,,S"
"BL000085043","2006-07","-11.0","-66.117","141.0","RIBERALTA, BL","","","","","","","","","","","0","3,S","0","3,S","","","","","","","20060730",",3,S","","","","","14.4","3,S,30,","","","","","","","","","","","","","","","19.50","3,,,S"
"BL000085043","2006-08","-11.0","-66.117","141.0","RIBERALTA, BL","","","","","","","","","","","0","3,S","0","3,S","","","","","","","20060801",",3,S","","","","","14.4","3,S,01,","","","","","","","","","","","","","","","19.78","3,,,S"
"BL000085043","2006-09","-11.0","-66.117","141.0","RIBERALTA, BL","","","237.0","4,S","","","","","","","0","4,S","0","4,S","0",",S","30",",S","20",",S","20060907",",4,S","","","20060920",",,S","16.5","4,S,07,","","","37.7",",S,20,","","","0.0",",S","","","27.25","4,S","33.70",",,,S","20.81","4,,,S"
"BL000085043","2006-10","-11.0","-66.117","141.0","RIBERALTA, BL","","","244.5","5,S","","","","","","","0","5,S","0","5,S","0",",S","31",",S","23",",S","20061022",",5,S","","","20061030",",,S","20.4","5,S,22,","","","36.2",",S,30,","","","0.0",",S","","","27.75","5,S","33.36",",,,S","22.13","5,,,S"
"BL000085043","2006-11","-11.0","-66.117","141.0","RIBERALTA, BL","","","239.3","4,S","","","","","","","0","3,S","0","3,S","0","3,S","27","3,S","21","3,S","20061113",",3,S","","","20061119",",3,S","20.0","3,S,13,","","","35.8","3,S,19,","","","0.0","3,S","","","27.51","4,S","32.93","3,,,S","22.10","3,,,S"
"BL000085043","2006-12","-11.0","-66.117","141.0","RIBERALTA, BL","","","","","","","","","","","0","5,S","0","5,S","0","3,S","28","3,S","12","3,S","20061215",",5,S","","","20061203",",3,S","20.5","5,S,15,","","","35.4","3,S,03,","","","","","","","27.10","7,S","31.83","3,,,S","22.38","5,,,S"
"BL000085043","2007-01","-11.0","-66.117","141.0","RIBERALTA, BL","","","242.5","4,S","","","","","","","0","3,S","0","3,S","0","1,S","30","1,S","14","1,S","20070116",",3,S","","","20070120",",1,S","20.4","3,S,16,","","","35.3","1,S,20,","0.0","S","0.0","1,S","","","27.20","4,S","32.07","1,,,S","22.33","3,,,S"
"BL000085043","2007-02","-11.0","-66.117","141.0","RIBERALTA, BL","","","","","","","","","","","0","4,S","0","4,S","0","5,S","23","5,S","10","5,S","20070219","+,4,S","","","20070214",",5,S","20.4","4,S,19,+","","","34.9","5,S,14,","","","","","","","26.50","9,S","31.28","5,,,S","21.72","4,,,S"
"BL000085043","2007-03","-11.0","-66.117","141.0","RIBERALTA, BL","","","265.9",",S","","","","","","","0",",S","0",",S","0",",S","31",",S","15",",S","20070308",",,S","","","20070330",",,S","20.2",",S,08,","","","34.6",",S,30,","","","0.0",",S","","","26.91",",S","31.84",",,,S","21.98",",,,S"
"BL000085043","2007-04","-11.0","-66.117","141.0","RIBERALTA, BL","","","216.1","5,S","","","","","","","0","2,S","0","2,S","0","4,S","26","4,S","17","4,S","20070428",",2,S","","","20070418",",4,S","16.1","2,S,28,","","","35.2","4,S,18,","","","0.0","4,S","","","26.83","5,S","32.22","4,,,S","21.45","2,,,S"
"BL000085043","2007-05","-11.0","-66.117","141.0","RIBERALTA, BL","","","167.3","2,S","","","","","","","0","2,S","0","2,S","0",",S","29",",S","14",",S","20070510",",2,S","","","20070515","+,,S","12.0","2,S,10,","","","34.0",",S,15,+","","","3.1",",S","","","24.12","2,S","29.89",",,,S","18.35","2,,,S"
"BL000085043","2007-06","-11.0","-66.117","141.0","RIBERALTA, BL","","","195.1","3,S","","","","","","","0","2,S","0","2,S","0","1,S","29","1,S","20","1,S","20070626",",2,S","","","20070612","+,1,S","14.4","2,S,26,","","","34.4","1,S,12,+","","","0.0","1,S","","","25.55","3,S","32.48","1,,,S","18.62","2,,,S"
"BL000085043","2007-07","-11.0","-66.117","141.0","RIBERALTA, BL","193.9","S","193.9","2,S","","","","","","","0","2,S","0","2,S","0",",S","31",",S","22",",S","20070712",",2,S","","","20070709",",,S","12.0","2,S,12,","","","35.5",",S,09,","","","0.0",",S","","","24.99","2,S","31.95",",,,S","18.04","2,,,S"
"BL000085043","2007-08","-11.0","-66.117","141.0","RIBERALTA, BL","","","","","","","","","","","0","2,S","0","2,S","0","5,S","26","5,S","18","5,S","20070806",",2,S","","","20070825",",5,S","14.0","2,S,06,","","","37.0","5,S,25,","","","","","","","25.65","6,S","33.23","5,,,S","18.07","2,,,S"
"BL000085043","2007-09","-11.0","-66.117","141.0","RIBERALTA, BL","","","286.9","1,S","","","","","","","0",",S","0",",S","0","1,S","29","1,S","26","1,S","20070926",",,S","","","20070923",",1,S","16.3",",S,26,","","","38.6","1,S,23,","","","0.0","1,S","","","28.26","1,S","34.94","1,,,S","21.57",",,,S"
"BL000085043","2007-10","-11.0","-66.117","141.0","RIBERALTA, BL","","","","","","","","","","","0","3,S","0","3,S","","","","","","","20071020",",3,S","","","","","20.0","3,S,20,","","","","","","","","","","","","","","","22.08","3,,,S"
"BL000085043","2007-11","-11.0","-66.117","141.0","RIBERALTA, BL","","","","","","","","","","","0","5,S","0","5,S","","","","","","","20071113",",5,S","","","","","18.4","5,S,13,","","","","","","","","","","","","","","","21.78","5,,,S"
"BL000085043","2007-12","-11.0","-66.117","141.0","RIBERALTA, BL","","","","","21","3,S","19","3,S","3","3,S","0","5,S","0","5,S","","","","","","","20071206",",5,S","20071217",",3,S","","","20.1","5,S,06,","45.0","3,,S,17,","","","","","","","289.9","3,,,S","","","","","22.07","5,,,S"
"BL000085043","2008-01","-11.0","-66.117","141.0","RIBERALTA, BL","","","","","","","","","","","0","5,S","0","5,S","","","","","","","20080129","+,5,S","","","","","21.0","5,S,29,+","","","","","","","","","","","","","","","22.03","5,,,S"
"BL000085043","2008-02","-11.0","-66.117","141.0","RIBERALTA, BL","","","","","","","","","","","0","4,S","0","4,S","","","","","","","20080212",",4,S","","","","","19.4","4,S,12,","","","","","","","","","","","","","","","21.59","4,,,S"
"BL000085043","2008-03","-11.0","-66.117","141.0","RIBERALTA, BL","","","","","20","4,S","16","4,S","5","4,S","0",",S","0",",S","","","","","","","20080315",",,S","20080307",",4,S","","","20.2",",S,15,","50.0","4,,S,07,","","","","","","","302.1","4,,,S","","","","","21.38",",,,S"
"BL000085043","2008-04","-11.0","-66.117","141.0","RIBERALTA, BL","","","","","","","","","","","0","5,S","0","5,S","0","3,S","27","3,S","12","3,S","20080416",",5,S","","","20080429",",3,S","17.0","5,S,16,","","","35.0","3,S,29,","","","","","","","26.29","8,S","31.34","3,,,S","21.23","5,,,S"
"BL000085043","2008-06","-11.0","-66.117","141.0","RIBERALTA, BL","","","","","","","","","","","","","","","0","5,S","24","5,S","6","5,S","","","","","20080610","+,5,S","","","","","34.0","5,S,10,+","","","","","","","","","29.32","5,,,S","",""
"BL000085043","2008-07","-11.0","-66.117","141.0","RIBERALTA, BL","","","","","","","","","","","0","5,S","0","5,S","0","5,S","26","5,S","24","5,S","20080702",",5,S","","","20080728",",5,S","17.0","5,S,02,","","","35.6","5,S,28,","","","","","","","26.60","0,S","33.83","5,,,S","19.38","5,,,S"
"BL000085043","2008-08","-11.0","-66.117","141.0","RIBERALTA, BL","","","","","","","","","","","0","2,S","0","2,S","","","","","","","20080830",",2,S","","","","","16.6","2,S,30,","","","","","","","","","","","","","","","21.01","2,,,S"
"BL000085043","2008-10","-11.0","-66.117","141.0","RIBERALTA, BL","","","","","","","","","","","0","2,S","0","2,S","0","5,S","26","5,S","20","5,S","20081007",",2,S","","","20081003",",5,S","17.8","2,S,07,","","","38.0","5,S,03,","","","","","","","28.28","7,S","34.20","5,,,S","22.37","2,,,S"
"BL000085043","2008-11","-11.0","-66.117","141.0","RIBERALTA, BL","","","247.1","4,S","","","","","","","0","2,S","0","2,S","0","2,S","28","2,S","19","2,S","20081121","+,2,S","","","20081109",",2,S","20.2","2,S,21,+","","","37.5","2,S,09,","","","0.0","2,S","","","27.93","4,S","33.40","2,,,S","22.46","2,,,S"
"BL000085043","2008-12","-11.0","-66.117","141.0","RIBERALTA, BL","","","241.4","3,S","","","","","","","0","3,S","0","3,S","0","1,S","30","1,S","14","1,S","20081230",",3,S","","","20081214",",1,S","21.2","3,S,30,","","","34.8","1,S,14,","","","0.0","1,S","","","26.99","3,S","31.44","1,,,S","22.54","3,,,S"
"BL000085043","2009-01","-11.0","-66.117","141.0","RIBERALTA, BL","","","242.9","4,S","","","","","","","0","3,S","0","3,S","0","2,S","29","2,S","16","2,S","20090121",",3,S","","","20090115",",2,S","20.6","3,S,21,","","","35.4","2,S,15,","0.0","S","0.0","2,S","","","27.21","4,S","31.99","2,,,S","22.43","3,,,S"
"BL000085043","2009-02","-11.0","-66.117","141.0","RIBERALTA, BL","","","","","","","","","","","0","5,S","0","5,S","0","1,S","27","1,S","12","1,S","20090224","+,5,S","","","20090203",",1,S","21.0","5,S,24,+","","","34.1","1,S,03,","","","","","","","26.76","6,S","31.37","1,,,S","22.15","5,,,S"
"BL000085043","2009-03","-11.0","-66.117","141.0","RIBERALTA, BL","","","242.8","4,S","","","","","","","0","3,S","0","3,S","0","1,S","30","1,S","15","1,S","20090304",",3,S","","","20090331",",1,S","21.3","3,S,04,","","","35.4","1,S,31,","","","0.0","1,S","","","27.25","4,S","32.17","1,,,S","22.32","3,,,S"
"BL000085043","2009-04","-11.0","-66.117","141.0","RIBERALTA, BL","","","240.2","2,S","","","","","","","0",",S","0",",S","0","2,S","28","2,S","12","2,S","20090425",",,S","","","20090412",",2,S","20.3",",S,25,","","","35.0","2,S,12,","","","0.0","2,S","","","26.95","2,S","31.81","2,,,S","22.08",",,,S"
"BL000085043","2009-05","-11.0","-66.117","141.0","RIBERALTA, BL","","","224.1","4,S","","","","","","","0","2,S","0","2,S","0","2,S","29","2,S","18","2,S","20090516",",2,S","","","20090521",",2,S","18.7","2,S,16,","","","34.8","2,S,21,","","","0.0","2,S","","","26.68","4,S","31.89","2,,,S","21.48","2,,,S"
"BL000085043","2009-06","-11.0","-66.117","141.0","RIBERALTA, BL","","","182.0","2,S","","","","","","","0","1,S","0","1,S","0","1,S","29","1,S","15","1,S","20090613",",1,S","","","20090621",",1,S","14.5","1,S,13,","","","34.5","1,S,21,","","","0.0","1,S","","","24.81","2,S","30.86","1,,,S","18.76","1,,,S"
"BL000085043","2009-07","-11.0","-66.117","141.0","RIBERALTA, BL","216.3","S","216.3","4,S","","","","","","","0","1,S","0","1,S","0","3,S","28","3,S","22","3,S","20090725",",1,S","","","20090721",",3,S","9.4","1,S,25,","","","35.1","3,S,21,","","","0.0","3,S","","","26.01","4,S","32.96","3,,,S","19.06","1,,,S"
"BL000085043","2009-08","-11.0","-66.117","141.0","RIBERALTA, BL","482.0","S","265.7","2,S","","","","","","","0","2,S","0","2,S","0",",S","31",",S","27",",S","20090811",",2,S","","","20090824",",,S","14.0","2,S,11,","","","37.6",",S,24,","","","0.0",",S","","","27.55","2,S","35.01",",,,S","20.08","2,,,S"
"BL000085043","2009-09","-11.0","-66.117","141.0","RIBERALTA, BL","720.0","S","238.0","5,S","","","","","","","0",",S","0",",S","0","5,S","25","5,S","19","5,S","20090911",",,S","","","20090908","+,5,S","15.2",",S,11,","","","38.8","5,S,08,+","","","0.0","5,S","","","28.01","5,S","34.86","5,,,S","21.17",",,,S"
"BL000085043","2009-10","-11.0","-66.117","141.0","RIBERALTA, BL","1003.4","S","283.4","3,S","","","","","","","0",",S","0",",S","0","3,S","28","3,S","22","3,S","20091001",",,S","","","20091020",",3,S","17.0",",S,01,","","","38.8","3,S,20,","","","0.0","3,S","","","28.37","3,S","34.48","3,,,S","22.25",",,,S"
"BL000085043","2009-11","-11.0","-66.117","141.0","RIBERALTA, BL","1288.1","S","284.7","1,S","","","","","","","0","1,S","0","1,S","0",",S","30",",S","24",",S","20091107",",1,S","","","20091119","+,,S","20.5","1,S,07,","","","37.3",",S,19,+","","","0.0",",S","","","28.11","1,S","33.59",",,,S","22.63","1,,,S"
"BL000085043","2009-12","-11.0","-66.117","141.0","RIBERALTA, BL","1557.0","S","268.9",",S","","","","","","","0",",S","0",",S","0",",S","31",",S","15",",S","20091213",",,S","","","20091212",",,S","20.5",",S,13,","","","33.5",",S,12,","","","0.0",",S","","","27.01",",S","31.62",",,,S","22.39",",,,S"
"BL000085043","2010-01","-11.0","-66.117","141.0","RIBERALTA, BL","1810.7","S","253.7","3,S","","","","","","","0","1,S","0","1,S","0","2,S","29","2,S","19","2,S","20100110",",1,S","","","20100107",",2,S","20.3","1,S,10,","","","37.3","2,S,07,","0.0","S","0.0","2,S","","","27.42","3,S","32.38","2,,,S","22.46","1,,,S"
"BL000085043","2010-02","-11.0","-66.117","141.0","RIBERALTA, BL","2036.1","S","225.4","4,S","","","","","","","0","3,S","0","3,S","0","2,S","26","2,S","16","2,S","20100223","+,3,S","","","20100219",",2,S","21.5","3,S,23,+","","","34.6","2,S,19,","0.0","S","0.0","2,S","","","27.60","4,S","32.39","2,,,S","22.81","3,,,S"
"BL000085043","2010-03","-11.0","-66.117","141.0","RIBERALTA, BL","2309.9","S","273.8","3,S","","","","","","","0","2,S","0","2,S","0","1,S","30","1,S","22","1,S","20100327",",2,S","","","20100323","+,1,S","21.6","2,S,27,","","","35.5","1,S,23,+","0.0","S","0.0","1,S","","","27.98","3,S","33.12","1,,,S","22.85","2,,,S"
"BL000085043","2010-04","-11.0","-66.117","141.0","RIBERALTA, BL","2580.0","S","270.1","1,S","","","","","","","0","1,S","0","1,S","0",",S","30",",S","21",",S","20100410",",1,S","","","20100426",",,S","17.5","1,S,10,","","","37.3",",S,26,","0.0","S","0.0",",S","","","27.71","1,S","33.57",",,,S","21.85","1,,,S"
"BL000085043","2010-05","-11.0","-66.117","141.0","RIBERALTA, BL","","","","","","","","","","","0","4,S","0","4,S","0","3,S","28","3,S","17","3,S","20100513",",4,S","","","20100507",",3,S","12.3","4,S,13,","","","35.5","3,S,07,","","","","","","","25.41","6,S","31.43","3,,,S","19.40","4,,,S"
"BL000085043","2010-06","-11.0","-66.117","141.0","RIBERALTA, BL","","","224.2","2,S","","","","","","","0","2,S","0","2,S","0",",S","30",",S","19",",S","20100601",",2,S","","","20100622",",,S","15.2","2,S,01,","","","35.7",",S,22,","","","0.0",",S","","","26.22","2,S","32.81",",,,S","19.63","2,,,S"
"BL000085043","2010-07","-11.0","-66.117","141.0","RIBERALTA, BL","","","","","","","","","","","0","3,S","0","3,S","0","3,S","28","3,S","22","3,S","20100717",",3,S","","","20100731",",3,S","9.3","3,S,17,","","","35.5","3,S,31,","","","","","","","24.90","6,S","32.74","3,,,S","17.06","3,,,S"
"BL000085043","2010-08","-11.0","-66.117","141.0","RIBERALTA, BL","","","230.1","3,S","","","","","","","0","3,S","0","3,S","0",",S","31",",S","25",",S","20100806",",3,S","","","20100826",",,S","12.0","3,S,06,","","","37.8",",S,26,","","","0.0",",S","","","26.51","3,S","34.65",",,,S","18.36","3,,,S"
"BL000085043","2010-09","-11.0","-66.117","141.0","RIBERALTA, BL","","","","","","","","","","","0","1,S","0","1,S","","","","","","","20100909","+,1,S","","","","","17.5","1,S,09,+","","","","","","","","","","","","","","","21.71","1,,,S"
"BL000085043","2010-10","-11.0","-66.117","141.0","RIBERALTA, BL","","","264.1","2,S","","","","","","","0","2,S","0","2,S","0","1,S","30","1,S","21","1,S","20101004",",2,S","","","20101014",",1,S","15.0","2,S,04,","","","37.7","1,S,14,","","","0.0","1,S","","","27.46","2,S","33.42","1,,,S","21.50","2,,,S"
"BL000085043","2010-11","-11.0","-66.117","141.0","RIBERALTA, BL","","","227.8","4,S","","","","","","","0","3,S","0","3,S","0","1,S","29","1,S","18","1,S","20101111",",3,S","","","20101103",",1,S","18.2","3,S,11,","","","35.7","1,S,03,","","","0.0","1,S","","","27.08","4,S","32.46","1,,,S","21.70","3,,,S"
"BL000085043","2010-12","-11.0","-66.117","141.0","RIBERALTA, BL","","","253.5","3,S","","","","","","","0","3,S","0","3,S","0",",S","31",",S","19",",S","20101215",",3,S","","","20101206",",,S","18.2","3,S,15,","","","35.0",",S,06,","","","0.0",",S","","","27.33","3,S","32.30",",,,S","22.35","3,,,S"
"BL000085043","2011-01","-11.0","-66.117","141.0","RIBERALTA, BL","","","249.0","1,S","","","","","","","0",",S","0",",S","0","1,S","30","1,S","9","1,S","20110125","+,,S","","","20110112",",1,S","21.0",",S,25,+","","","33.6","1,S,12,","0.0","S","0.0","1,S","","","26.63","1,S","30.90","1,,,S","22.36",",,,S"
"BL000085043","2011-02","-11.0","-66.117","141.0","RIBERALTA, BL","","","196.7","3,S","20","1,S","17","1,S","4","1,S","0","1,S","0","1,S","0","2,S","26","2,S","3","2,S","20110228",",1,S","20110206",",1,S","20110223",",2,S","20.3","1,S,28,","62.0","1,,S,06,","33.4","2,S,23,","0.0","S","0.0","2,S","356.4","1,,,S","26.19","3,S","30.50","2,,,S","21.88","1,,,S"
"BL000085043","2011-03","-11.0","-66.117","141.0","RIBERALTA, BL","","","241.5","2,S","","","","","","","0","1,S","0","1,S","0","2,S","29","2,S","12","2,S","20110316",",1,S","","","20110303",",2,S","20.6","1,S,16,","","","34.6","2,S,03,","0.0","S","0.0","2,S","","","26.67","2,S","31.21","2,,,S","22.13","1,,,S"
"BL000085043","2011-04","-11.0","-66.117","141.0","RIBERALTA, BL","","","","","","","","","","","0","3,S","0","3,S","","","","","","","20110426","+,3,S","","","","","21.0","3,S,26,+","","","","","","","","","","","","","","","22.22","3,,,S"
"BL000085043","2011-05","-11.0","-66.117","141.0","RIBERALTA, BL","","","","","","","","","","","0","2,S","0","2,S","","","","","","","20110503",",2,S","","","","","16.0","2,S,03,","","","","","","","","","","","","","","","20.04","2,,,S"
"BL000085043","2011-07","-11.0","-66.117","141.0","RIBERALTA, BL","","","","","","","","","","","0",",S","0",",S","","","","","","","20110705",",,S","","","","","11.0",",S,05,","","","","","","","","","","","","","","","18.86",",,,S"
"BL000085043","2011-08","-11.0","-66.117","141.0","RIBERALTA, BL","","","","","","","","","","","0","4,S","0","4,S","0","3,S","28","3,S","22","3,S","20110823",",4,S","","","20110809",",3,S","11.4","4,S,23,","","","38.3","3,S,09,","","","","","","","26.42","7,S","34.08","3,,,S","18.77","4,,,S"
"BL000085043","2011-09","-11.0","-66.117","141.0","RIBERALTA, BL","","","","","","","","","","","0","2,S","0","2,S","","","","","","","20110910",",2,S","","","","","17.8","2,S,10,","","","","","","","","","","","","","","","21.63","2,,,S"
"BL000085043","2011-10","-11.0","-66.117","141.0","RIBERALTA, BL","","","","","","","","","","","0","3,S","0","3,S","0","5,S","26","5,S","23","5,S","20111024",",3,S","","","20111010",",5,S","20.7","3,S,24,","","","37.2","5,S,10,","","","","","","","28.26","8,S","34.25","5,,,S","22.26","3,,,S"
"BL000085043","2011-11","-11.0","-66.117","141.0","RIBERALTA, BL","","","","","","","","","","","0","2,S","0","2,S","","","","","","","20111101",",2,S","","","","","18.0","2,S,01,","","","","","","","","","","","","","","","22.31","2,,,S"
"BL000085043","2011-12","-11.0","-66.117","141.0","RIBERALTA, BL","","","","","","","","","","","0","3,S","0","3,S","","","","","","","20111226",",3,S","","","","","20.1","3,S,26,","","","","","","","","","","","","","","","22.15","3,,,S"
"BL000085043","2012-01","-11.0","-66.117","141.0","RIBERALTA, BL","","","","","24","3,S","18","3,S","3","3,S","0","3,S","0","3,S","0","5,S","26","5,S","9","5,S","20120126",",3,S","20120114",",3,S","20120105",",5,S","20.5","3,S,26,","70.1","3,,S,14,","34.5","5,S,05,","","","","","273.2","3,,,S","26.68","7,S","31.37","5,,,S","21.99","3,,,S"
"BL000085043","2012-02","-11.0","-66.117","141.0","RIBERALTA, BL","","","222.2","1,S","17","5,S","16","5,S","3","5,S","0",",S","0",",S","0","1,S","28","1,S","11","1,S","20120219",",,S","20120201",",5,S","20120209",",1,S","20.0",",S,19,","67.1","5,,S,01,","34.8","1,S,09,","","","0.0","1,S","293.8","5,,,S","26.29","1,S","30.95","1,,,S","21.63",",,,S"
"BL000085043","2012-03","-11.0","-66.117","141.0","RIBERALTA, BL","","","219.5","5,S","","","","","","","0","3,S","0","3,S","0","2,S","29","2,S","13","2,S","20120329",",3,S","","","20120321",",2,S","18.7","3,S,29,","","","34.6","2,S,21,","","","0.0","2,S","","","26.78","5,S","31.70","2,,,S","21.86","3,,,S"
"BL000085043","2012-04","-11.0","-66.117","141.0","RIBERALTA, BL","","","240.8","3,S","","","","","","","0","3,S","0","3,S","0","1,S","29","1,S","18","1,S","20120419","+,3,S","","","20120413",",1,S","21.0","3,S,19,+","","","34.4","1,S,13,","","","0.0","1,S","","","27.08","3,S","31.84","1,,,S","22.32","3,,,S"
"BL000085043","2012-05","-11.0","-66.117","141.0","RIBERALTA, BL","","","226.5","3,S","","","","","","","0","2,S","0","2,S","0","1,S","30","1,S","17","1,S","20120502",",2,S","","","20120530",",1,S","15.4","2,S,02,","","","35.2","1,S,30,","","","0.0","1,S","","","26.41","3,S","32.22","1,,,S","20.61","2,,,S"
"BL000085043","2012-06","-11.0","-66.117","141.0","RIBERALTA, BL","","","213.0","1,S","","","","","","","0",",S","0",",S","0","1,S","28","1,S","18","1,S","20120608",",,S","","","20120602","+,1,S","12.0",",S,08,","","","34.4","1,S,02,+","","","0.6","1,S","","","25.72","1,S","31.54","1,,,S","19.89",",,,S"
"BL000085043","2012-07","-11.0","-66.117","141.0","RIBERALTA, BL","195.9","S","195.9","3,S","","","","","","","0","2,S","0","2,S","0","1,S","30","1,S","21","1,S","20120719",",2,S","","","20120729",",1,S","11.2","2,S,19,","","","36.2","1,S,29,","","","0.0","1,S","","","25.16","3,S","32.37","1,,,S","17.96","2,,,S"
"BL000085043","2012-08","-11.0","-66.117","141.0","RIBERALTA, BL","445.5","S","249.6","1,S","","","","","","","0","1,S","0","1,S","0",",S","31",",S","27",",S","20120828",",1,S","","","20120831",",,S","11.0","1,S,28,","","","36.4",",S,31,","","","0.0",",S","","","26.66","1,S","34.36",",,,S","18.95","1,,,S"
"BL000085043","2012-09","-11.0","-66.117","141.0","RIBERALTA, BL","741.7","S","296.2","2,S","","","","","","","0","2,S","0","2,S","0",",S","30",",S","28",",S","20120927",",2,S","","","20120921","+,,S","16.3","2,S,27,","","","38.2",",S,21,+","","","0.0",",S","","","28.83","2,S","35.60",",,,S","22.06","2,,,S"
"BL000085043","2012-10","-11.0","-66.117","141.0","RIBERALTA, BL","1038.3","S","296.6","2,S","","","","","","","0","2,S","0","2,S","0",",S","31",",S","24",",S","20121012",",2,S","","","20121030",",,S","20.0","2,S,12,","","","37.7",",S,30,","","","0.0",",S","","","28.50","2,S","34.48",",,,S","22.52","2,,,S"
"BL000085043","2012-11","-11.0","-66.117","141.0","RIBERALTA, BL","1259.0","S","220.7","5,S","","","","","","","0","3,S","0","3,S","0","3,S","27","3,S","16","3,S","20121118",",3,S","","","20121110",",3,S","21.0","3,S,18,","","","36.2","3,S,10,","","","0.0","3,S","","","27.22","5,S","32.18","3,,,S","22.26","3,,,S"
"BL000085043","2012-12","-11.0","-66.117","141.0","RIBERALTA, BL","1492.2","S","233.2","4,S","","","","","","","0",",S","0",",S","0","4,S","27","4,S","9","4,S","20121206",",,S","","","20121216",",4,S","21.0",",S,06,","","","34.8","4,S,16,","","","0.0","4,S","","","26.95","4,S","31.53","4,,,S","22.36",",,,S"
"BL000085043","2013-01","-11.0","-66.117","141.0","RIBERALTA, BL","","","","","","","","","","","0","4,S","0","4,S","0","4,S","27","4,S","12","4,S","20130130","+,4,S","","","20130129",",4,S","21.0","4,S,30,+","","","35.4","4,S,29,","","","","","","","27.15","7,S","32.02","4,,,S","22.29","4,,,S"
"BL000085043","2013-02","-11.0","-66.117","141.0","RIBERALTA, BL","","","","","17","5,S","13","5,S","6","5,S","0","4,S","0","4,S","0","2,S","26","2,S","10","2,S","20130215","+,4,S","20130222",",5,S","20130219",",2,S","21.0","4,S,15,+","79.0","5,,S,22,","33.5","2,S,19,","","","","","382.6","5,,,S","26.72","6,S","31.18","2,,,S","22.25","4,,,S"
"BL000085043","2013-03","-11.0","-66.117","141.0","RIBERALTA, BL","","","","","21","3,S","17","3,S","4","3,S","0","4,S","0","4,S","0","3,S","28","3,S","14","3,S","20130321","+,4,S","20130327",",3,S","20130310",",3,S","21.0","4,S,21,+","61.0","3,,S,27,","34.3","3,S,10,","","","","","346.3","3,,,S","27.12","6,S","31.78","3,,,S","22.46","4,,,S"
"BL000085043","2013-04","-11.0","-66.117","141.0","RIBERALTA, BL","","","","","","","","","","","","","","","0","4,S","26","4,S","17","4,S","","","","","20130430",",4,S","","","","","35.5","4,S,30,","","","","","","","","","32.42","4,,,S","",""
"BL000085043","2013-05","-11.0","-66.117","141.0","RIBERALTA, BL","","","","","","","","","","","0","1,S","0","1,S","","","","","","","20130518",",1,S","","","","","17.3","1,S,18,","","","","","","","","","","","","","","","21.20","1,,,S"
"BL000085043","2013-06","-11.0","-66.117","141.0","RIBERALTA, BL","","","","","","","","","","","0","1,S","0","1,S","0","5,S","25","5,S","20","5,S","20130609","+,1,S","","","20130615",",5,S","20.0","1,S,09,+","","","34.5","5,S,15,","","","","","","","26.88","6,S","32.65","5,,,S","21.10","1,,,S"
"BL000085043","2013-08","-11.0","-66.117","141.0","RIBERALTA, BL","","","193.7","4,S","","","","","","","0","3,S","0","3,S","0","1,S","30","1,S","19","1,S","20130811",",3,S","","","20130820",",1,S","11.4","3,S,11,","","","36.2","1,S,20,","","","0.0","1,S","","","25.46","4,S","32.53","1,,,S","18.39","3,,,S"
"BL000085043","2013-09","-11.0","-66.117","141.0","RIBERALTA, BL","","","","","","","","","","","","","","","0","2,S","28","2,S","24","2,S","","","","","20130923",",2,S","","","","","38.1","2,S,23,","","","","","","","","","34.34","2,,,S","",""
"BL000085043","2013-10","-11.0","-66.117","141.0","RIBERALTA, BL","","","","","","","","","","","0","3,S","0","3,S","0","3,S","28","3,S","17","3,S","20131002",",3,S","","","20131004",",3,S","18.0","3,S,02,","","","36.4","3,S,04,","","","","","","","27.12","6,S","32.37","3,,,S","21.86","3,,,S"
"BL000085043","2013-11","-11.0","-66.117","141.0","RIBERALTA, BL","","","","","","","","","","","","","","","0","2,S","28","2,S","13","2,S","","","","","20131115",",2,S","","","","","35.4","2,S,15,","","","","","","","","","31.76","2,,,S","",""
"BL000085043","2013-12","-11.0","-66.117","141.0","RIBERALTA, BL","","","256.4","2,S","","","","","","","0","1,S","0","1,S","0","1,S","30","1,S","16","1,S","20131224","+,1,S","","","20131206",",1,S","20.0","1,S,24,+","","","35.5","1,S,06,","","","0.0","1,S","","","27.10","2,S","31.77","1,,,S","22.43","1,,,S"
"BL000085043","2014-01","-11.0","-66.117","141.0","RIBERALTA, BL","","","222.7","5,S","","","","","","","0","3,S","0","3,S","0","2,S","29","2,S","8","2,S","20140113",",3,S","","","20140102",",2,S","20.3","3,S,13,","","","34.4","2,S,02,","0.0","S","0.0","2,S","","","26.79","5,S","31.29","2,,,S","22.29","3,,,S"
"BL000085043","2014-02","-11.0","-66.117","141.0","RIBERALTA, BL","","","203.5","4,S","","","","","","","0","2,S","0","2,S","0","2,S","26","2,S","8","2,S","20140211",",2,S","","","20140219",",2,S","21.2","2,S,11,","","","34.6","2,S,19,","0.0","S","0.0","2,S","","","26.75","4,S","31.15","2,,,S","22.35","2,,,S"
"BL000085043","2014-03","-11.0","-66.117","141.0","RIBERALTA, BL","","","234.1","4,S","","","","","","","0","1,S","0","1,S","0","3,S","28","3,S","14","3,S","20140304",",1,S","","","20140303",",3,S","20.5","1,S,04,","","","33.7","3,S,03,","0.0","S","0.0","3,S","","","27.03","4,S","31.52","3,,,S","22.55","1,,,S"
"BL000085043","2014-04","-11.0","-66.117","141.0","RIBERALTA, BL","","","249.7","2,S","","","","","","","0","1,S","0","1,S","0","1,S","29","1,S","16","1,S","20140415",",1,S","","","20140407",",1,S","19.4","1,S,15,","","","34.4","1,S,07,","0.0","S","0.0","1,S","","","27.19","2,S","31.97","1,,,S","22.41","1,,,S"
"BL000085043","2014-05","-11.0","-66.117","141.0","RIBERALTA, BL","","","","","","","","","","","0","4,S","0","4,S","0","2,S","28","2,S","13","2,S","20140524",",4,S","","","20140515",",2,S","13.3","4,S,24,","","","33.9","2,S,15,","","","","","","","26.18","6,S","30.90","2,,,S","21.46","4,,,S"
"BL000085043","2014-06","-11.0","-66.117","141.0","RIBERALTA, BL","","","185.0","5,S","","","","","","","0","1,S","0","1,S","0","5,S","25","5,S","11","5,S","20140629",",1,S","","","20140624",",5,S","13.0","1,S,29,","","","34.6","5,S,24,","","","0.0","5,S","","","25.82","5,S","31.22","5,,,S","20.42","1,,,S"
"BL000085043","2014-07","-11.0","-66.117","141.0","RIBERALTA, BL","","","","","","","","","","","0","3,S","0","3,S","0","5,S","26","5,S","13","5,S","20140725",",3,S","","","20140716",",5,S","11.3","3,S,25,","","","34.6","5,S,16,","","","","","","","25.02","7,S","31.53","5,,,S","18.51","3,,,S"
"BL000085043","2014-08","-11.0","-66.117","141.0","RIBERALTA, BL","","","","","","","","","","","0","3,S","0","3,S","0","4,S","27","4,S","23","4,S","20140814",",3,S","","","20140825",",4,S","14.2","3,S,14,","","","36.6","4,S,25,","","","","","","","26.64","6,S","33.84","4,,,S","19.44","3,,,S"
"BL000085043","2014-09","-11.0","-66.117","141.0","RIBERALTA, BL","","","","","","","","","","","0","3,S","0","3,S","0","3,S","27","3,S","26","3,S","20140905",",3,S","","","20140903",",3,S","19.5","3,S,05,","","","37.5","3,S,03,","","","","","","","28.64","6,S","35.00","3,,,S","22.29","3,,,S"
"BL000085043","2014-10","-11.0","-66.117","141.0","RIBERALTA, BL","","","257.6","5,S","","","","","","","0","1,S","0","1,S","0","4,S","27","4,S","23","4,S","20141012",",1,S","","","20141010",",4,S","20.5","1,S,12,","","","36.8","4,S,10,","","","0.0","4,S","","","28.30","5,S","34.17","4,,,S","22.43","1,,,S"
"BL000085043","2014-12","-11.0","-66.117","141.0","RIBERALTA, BL","","","271.1","1,S","","","","","","","0","1,S","0","1,S","0",",S","31",",S","20",",S","20141224",",1,S","","","20141227","+,,S","18.8","1,S,24,","","","35.4",",S,27,+","","","0.0",",S","","","27.40","1,S","32.28",",,,S","22.52","1,,,S"
"BL000085043","2015-01","-11.0","-66.117","141.0","RIBERALTA, BL","","","234.9","4,S","23","3,S","20","3,S","3","3,S","0",",S","0",",S","0","4,S","27","4,S","15","4,S","20150123",",,S","20150106",",3,S","20150109","+,4,S","21.2",",S,23,","98.3","3,,S,06,","34.7","4,S,09,+","0.0","S","0.0","4,S","367.8","3,,,S","27.05","4,S","31.91","4,,,S","22.18",",,,S"
"BL000085043","2015-03","-11.0","-66.117","141.0","RIBERALTA, BL","","","","","","","","","","","0","3,S","0","3,S","0","3,S","28","3,S","17","3,S","20150328",",3,S","","","20150310",",3,S","20.7","3,S,28,","","","34.8","3,S,10,","","","","","","","27.30","6,S","32.22","3,,,S","22.39","3,,,S"
"BL000085043","2015-04","-11.0","-66.117","141.0","RIBERALTA, BL","","","","","","","","","","","","","","","0","2,S","28","2,S","20","2,S","","","","","20150420",",2,S","","","","","34.8","2,S,20,","","","","","","","","","32.54","2,,,S","",""
"BL000085043","2015-05","-11.0","-66.117","141.0","RIBERALTA, BL","","","209.8","5,S","","","","","","","0","4,S","0","4,S","0","1,S","30","1,S","18","1,S","20150529",",4,S","","","20150503",",1,S","19.0","4,S,29,","","","34.6","1,S,03,","","","0.0","1,S","","","26.42","5,S","31.30","1,,,S","21.54","4,,,S"
"BL000085043","2015-06","-11.0","-66.117","141.0","RIBERALTA, BL","","","","","","","","","","","0","3,S","0","3,S","0","3,S","27","3,S","19","3,S","20150621","+,3,S","","","20150606",",3,S","16.4","3,S,21,+","","","34.4","3,S,06,","","","","","","","26.50","6,S","32.36","3,,,S","20.63","3,,,S"
"BL000085043","2015-07","-11.0","-66.117","141.0","RIBERALTA, BL","228.5","S","228.5","1,S","","","","","","","0",",S","0",",S","0","1,S","30","1,S","22","1,S","20150722",",,S","","","20150731",",1,S","14.0",",S,22,","","","37.5","1,S,31,","","","0.0","1,S","","","25.90","1,S","32.56","1,,,S","19.24",",,,S"
"BL000085043","2015-08","-11.0","-66.117","141.0","RIBERALTA, BL","529.2","S","300.7","2,S","","","","","","","0","2,S","0","2,S","0",",S","31",",S","31",",S","20150801",",2,S","","","20150822",",,S","19.7","2,S,01,","","","37.5",",S,22,","","","0.0",",S","","","28.71","2,S","35.70",",,,S","21.72","2,,,S"
"BL000085043","2015-09","-11.0","-66.117","141.0","RIBERALTA, BL","845.4","S","316.2","1,S","","","","","","","0","1,S","0","1,S","0",",S","30",",S","27",",S","20150913",",1,S","","","20150910",",,S","16.3","1,S,13,","","","38.1",",S,10,","","","0.0",",S","","","29.23","1,S","36.05",",,,S","22.41","1,,,S"
"BL000085043","2015-10","-11.0","-66.117","141.0","RIBERALTA, BL","1131.0","S","285.6","3,S","","","","","","","0","2,S","0","2,S","0","1,S","30","1,S","26","1,S","20151013",",2,S","","","20151023",",1,S","16.5","2,S,13,","","","37.7","1,S,23,","","","0.0","1,S","","","28.56","3,S","34.67","1,,,S","22.45","2,,,S"
"BL000085043","2015-11","-11.0","-66.117","141.0","RIBERALTA, BL","1411.9","S","280.9","3,S","","","","","","","0","1,S","0","1,S","0","2,S","28","2,S","21","2,S","20151130","+,1,S","","","20151126",",2,S","21.0","1,S,30,+","","","38.9","2,S,26,","","","0.0","2,S","","","28.70","3,S","34.44","2,,,S","22.96","1,,,S"
"BL000085043","2015-12","-11.0","-66.117","141.0","RIBERALTA, BL","1682.2","S","270.3","4,S","","","","","","","0","4,S","0","4,S","0",",S","31",",S","26",",S","20151207",",4,S","","","20151211",",,S","20.1","4,S,07,","","","36.8",",S,11,","","","0.0",",S","","","28.29","4,S","33.83",",,,S","22.76","4,,,S"
"BL000085043","2016-01","-11.0","-66.117","141.0","RIBERALTA, BL","1960.7","S","278.5","3,S","","","","","","","0","1,S","0","1,S","0","2,S","29","2,S","26","2,S","20160115",",1,S","","","20160123",",2,S","21.0","1,S,15,","","","37.5","2,S,23,","0.0","S","0.0","2,S","","","28.29","3,S","33.63","2,,,S","22.94","1,,,S"
"BL000085043","2016-02","-11.0","-66.117","141.0","RIBERALTA, BL","2194.6","S","233.9","5,S","","","","","","","0","4,S","0","4,S","0","1,S","28","1,S","22","1,S","20160207","+,4,S","","","20160220","+,1,S","21.3","4,S,07,+","","","35.9","1,S,20,+","0.0","S","0.0","1,S","","","27.94","5,S","33.17","1,,,S","22.70","4,,,S"
"BL000085043","2016-03","-11.0","-66.117","141.0","RIBERALTA, BL","2441.8","S","247.2","3,S","17","5,S","17","5,S","3","5,S","0","3,S","0","3,S","0",",S","31",",S","19",",S","20160326",",3,S","20160306",",5,S","20160303",",,S","20.6","3,S,26,","54.1","5,,S,06,","34.6",",S,03,","0.0","S","0.0",",S","210.3","5,,,S","27.15","3,S","32.02",",,,S","22.28","3,,,S"
"BL000085043","2016-04","-11.0","-66.117","141.0","RIBERALTA, BL","2703.8","S","262.0","3,S","","","","","","","0","2,S","0","2,S","0","1,S","29","1,S","21","1,S","20160427",",2,S","","","20160425",",1,S","12.8","2,S,27,","","","43.9","1,S,25,","0.0","S","0.0","1,S","","","27.78","3,S","33.50","1,,,S","22.06","2,,,S"
"BL000085043","2016-05","-11.0","-66.117","141.0","RIBERALTA, BL","2914.8","S","211.0","3,S","","","","","","","0","2,S","0","2,S","0","1,S","30","1,S","15","1,S","20160524",",2,S","","","20160511",",1,S","14.7","2,S,24,","","","34.6","1,S,11,","0.0","S","0.0","1,S","","","25.96","3,S","31.58","1,,,S","20.34","2,,,S"
"BL000085043","2016-06","-11.0","-66.117","141.0","RIBERALTA, BL","3093.1","S","178.3","1,S","","","","","","","0",",S","0",",S","0","1,S","29","1,S","12","1,S","20160612",",,S","","","20160606",",1,S","12.0",",S,12,","","","35.3","1,S,06,","0.0","S","0.0","1,S","","","24.53","1,S","30.90","1,,,S","18.16",",,,S"
"BL000085043","2016-07","-11.0","-66.117","141.0","RIBERALTA, BL","210.6","S","210.6","5,S","","","","","","","0","1,S","0","1,S","0","4,S","27","4,S","23","4,S","20160721",",1,S","","","20160725",",4,S","15.0","1,S,21,","","","36.8","4,S,25,","0.0","S","0.0","4,S","","","26.53","5,S","34.28","4,,,S","18.78","1,,,S"
"BL000085043","2016-08","-11.0","-66.117","141.0","RIBERALTA, BL","","","","","","","","","","","0","3,S","0","3,S","0","3,S","28","3,S","22","3,S","20160822",",3,S","","","20160807",",3,S","12.8","3,S,22,","","","38.2","3,S,07,","","","","","","","27.34","6,S","34.60","3,,,S","20.09","3,,,S"
"BL000085043","2016-09","-11.0","-66.117","141.0","RIBERALTA, BL","","","232.4","4,S","","","","","","","0","3,S","0","3,S","0","1,S","29","1,S","23","1,S","20160905",",3,S","","","20160911",",1,S","12.0","3,S,05,","","","37.8","1,S,11,","","","0.0","1,S","","","27.04","4,S","34.00","1,,,S","20.09","3,,,S"
"BL000085043","2016-10","-11.0","-66.117","141.0","RIBERALTA, BL","","","267.6","3,S","","","","","","","0","2,S","0","2,S","0","1,S","30","1,S","23","1,S","20161028",",2,S","","","20161018",",1,S","19.3","2,S,28,","","","37.8","1,S,18,","","","0.0","1,S","","","27.86","3,S","33.60","1,,,S","22.12","2,,,S"
"BL000085043","2016-12","-11.0","-66.117","141.0","RIBERALTA, BL","","","272.7","1,S","","","","","","","0",",S","0",",S","0","1,S","30","1,S","16","1,S","20161221",",,S","","","20161225",",1,S","20.4",",S,21,","","","35.2","1,S,25,","","","0.0","1,S","","","27.43","1,S","32.52","1,,,S","22.35",",,,S"
"BL000085043","2017-01","-11.0","-66.117","141.0","RIBERALTA, BL","","","","","19","4,S","14","4,S","5","4,S","0","1,S","0","1,S","","","","","","","20170117",",1,S","20170128",",4,S","","","20.4","1,S,17,","38.6","4,,S,28,","","","","","","","269.5","4,,,S","","","","","22.24","1,,,S"
"BL000085043","2017-02","-11.0","-66.117","141.0","RIBERALTA, BL","","","240.1",",S","19","2,S","18","2,S","0","2,S","0",",S","0",",S","0",",S","28",",S","10",",S","20170201",",,S","20170215",",2,S","20170218",",,S","21.3",",S,01,","25.1","2,,S,15,","34.4",",S,18,","","","0.0",",S","216.2","2,,,S","26.91",",S","31.61",",,,S","22.20",",,,S"
"BL000085043","2017-03","-11.0","-66.117","141.0","RIBERALTA, BL","","","236.7","4,S","","","","","","","0","2,S","0","2,S","0","2,S","29","2,S","17","2,S","20170317",",2,S","","","20170313",",2,S","20.3","2,S,17,","","","33.9","2,S,13,","","","0.0","2,S","","","27.11","4,S","31.94","2,,,S","22.27","2,,,S"
"BL000085043","2017-04","-11.0","-66.117","141.0","RIBERALTA, BL","","","244.7","2,S","","","","","","","0","2,S","0","2,S","0",",S","30",",S","21",",S","20170428",",2,S","","","20170421",",,S","15.7","2,S,28,","","","34.8",",S,21,","","","0.0",",S","","","27.03","2,S","32.18",",,,S","21.88","2,,,S"
"BL000085043","2017-05","-11.0","-66.117","141.0","RIBERALTA, BL","","","264.3","1,S","","","","","","","0",",S","0",",S","0","1,S","30","1,S","22","1,S","20170530",",,S","","","20170526",",1,S","18.0",",S,30,","","","35.8","1,S,26,","","","0.0","1,S","","","27.16","1,S","32.42","1,,,S","21.90",",,,S"
"BL000085043","2017-06","-11.0","-66.117","141.0","RIBERALTA, BL","","","179.3","4,S","","","","","","","0","4,S","0","4,S","0",",S","30",",S","21",",S","20170621",",4,S","","","20170608",",,S","12.0","4,S,21,","","","34.8",",S,08,","","","0.0",",S","","","25.33","4,S","32.02",",,,S","18.63","4,,,S"
"BL000085043","2017-07","-11.0","-66.117","141.0","RIBERALTA, BL","206.0","S","206.0","2,S","","","","","","","0","1,S","0","1,S","0","1,S","30","1,S","25","1,S","20170719",",1,S","","","20170725",",1,S","8.4","1,S,19,","","","36.4","1,S,25,","","","0.8","1,S","","","25.26","2,S","33.24","1,,,S","17.28","1,,,S"
"BL000085043","2017-08","-11.0","-66.117","141.0","RIBERALTA, BL","487.1","S","281.1","1,S","","","","","","","0",",S","0",",S","0","1,S","30","1,S","26","1,S","20170804",",,S","","","20170807",",1,S","15.0",",S,04,","","","36.7","1,S,07,","","","0.0","1,S","","","27.74","1,S","34.71","1,,,S","20.77",",,,S"
"BL000085043","2017-09","-11.0","-66.117","141.0","RIBERALTA, BL","765.2","S","278.1","3,S","","","","","","","0","1,S","0","1,S","0","2,S","28","2,S","25","2,S","20170917",",1,S","","","20170903",",2,S","16.2","1,S,17,","","","38.8","2,S,03,","","","0.0","2,S","","","28.57","3,S","35.14","2,,,S","21.99","1,,,S"
"BL000085043","2017-10","-11.0","-66.117","141.0","RIBERALTA, BL","1030.6","S","265.4","5,S","","","","","","","0","3,S","0","3,S","0","4,S","27","4,S","22","4,S","20171015",",3,S","","","20171018",",4,S","18.3","3,S,15,","","","38.2","4,S,18,","","","0.0","4,S","","","28.41","5,S","34.71","4,,,S","22.11","3,,,S"
"BL000085043","2017-11","-11.0","-66.117","141.0","RIBERALTA, BL","1263.0","S","232.4","5,S","","","","","","","0","3,S","0","3,S","0","2,S","28","2,S","21","2,S","20171120",",3,S","","","20171116",",2,S","20.0","3,S,20,","","","35.9","2,S,16,","","","0.0","2,S","","","27.70","5,S","32.93","2,,,S","22.48","3,,,S"
"BL000085043","2017-12","-11.0","-66.117","141.0","RIBERALTA, BL","1502.4","S","239.4","4,S","20","4,S","17","4,S","3","4,S","0","4,S","0","4,S","0","1,S","30","1,S","17","1,S","20171211",",4,S","20171226",",4,S","20171209",",1,S","20.0","4,S,11,","60.5","4,,S,26,","36.4","1,S,09,","","","0.0","1,S","282.7","4,,,S","27.29","4,S","32.30","1,,,S","22.27","4,,,S"
"BL000085043","2018-01","-11.0","-66.117","141.0","RIBERALTA, BL","1749.8","S","247.4","3,S","21","4,S","19","4,S","5","4,S","0","1,S","0","1,S","0","2,S","29","2,S","18","2,S","20180125","+,1,S","20180108",",4,S","20180118",",2,S","21.0","1,S,25,+","78.2","4,,S,08,","34.8","2,S,18,","0.0","S","0.0","2,S","371.7","4,,,S","27.18","3,S","32.26","2,,,S","22.10","1,,,S"
"BL000085043","2018-02","-11.0","-66.117","141.0","RIBERALTA, BL","1950.4","S","200.6","5,S","18","2,S","16","2,S","3","2,S","0","4,S","0","4,S","0","1,S","27","1,S","13","1,S","20180217","+,4,S","20180226",",2,S","20180212",",1,S","21.0","4,S,17,+","55.1","2,,S,26,","34.8","1,S,12,","0.0","S","0.0","1,S","276.2","2,,,S","26.69","5,S","31.32","1,,,S","22.06","4,,,S"
"BL000085043","2018-03","-11.0","-66.117","141.0","RIBERALTA, BL","2205.9","S","255.5","3,S","","","","","","","0","1,S","0","1,S","0","2,S","29","2,S","19","2,S","20180327",",1,S","","","20180305",",2,S","18.4","1,S,27,","","","35.0","2,S,05,","0.0","S","0.0","2,S","","","27.39","3,S","32.73","2,,,S","22.05","1,,,S"
"BL000085043","2018-04","-11.0","-66.117","141.0","RIBERALTA, BL","2430.9","S","225.0","5,S","","","","","","","0","4,S","0","4,S","0","2,S","28","2,S","17","2,S","20180416",",4,S","","","20180423",",2,S","20.0","4,S,16,","","","34.9","2,S,23,","0.0","S","0.0","2,S","","","27.35","5,S","32.55","2,,,S","22.15","4,,,S"
"BL000085043","2018-05","-11.0","-66.117","141.0","RIBERALTA, BL","2666.9","S","236.0","2,S","","","","","","","0","1,S","0","1,S","0","1,S","30","1,S","16","1,S","20180521",",1,S","","","20180528","+,1,S","15.4","1,S,21,","","","34.9","1,S,28,+","0.0","S","0.0","1,S","","","26.50","2,S","31.88","1,,,S","21.12","1,,,S"
"BL000085043","2018-06","-11.0","-66.117","141.0","RIBERALTA, BL","2816.5","S","149.6","2,S","","","","","","","0","2,S","0","2,S","0","1,S","27","1,S","13","1,S","20180617",",2,S","","","20180611",",1,S","12.6","2,S,17,","","","34.9","1,S,11,","5.0","S","5.0","1,S","","","23.50","2,S","29.53","1,,,S","17.47","2,,,S"
"BL000085043","2018-07","-11.0","-66.117","141.0","RIBERALTA, BL","193.8","S","193.8","3,S","","","","","","","0","2,S","0","2,S","0","1,S","30","1,S","21","1,S","20180711",",2,S","","","20180717",",1,S","11.0","2,S,11,","","","36.3","1,S,17,","5.1","S","0.1","1,S","","","25.34","3,S","32.67","1,,,S","18.01","2,,,S"
"BL000085043","2018-08","-11.0","-66.117","141.0","RIBERALTA, BL","","","","","","","","","","","","","","","0","2,S","29","2,S","18","2,S","","","","","20180831",",2,S","","","","","37.4","2,S,31,","","","","","","","","","32.31","2,,,S","",""
"BL000085043","2018-09","-11.0","-66.117","141.0","RIBERALTA, BL","","","","","","","","","","","0","5,S","0","5,S","0","5,S","25","5,S","20","5,S","20180906","+,5,S","","","20180926","+,5,S","14.4","5,S,06,+","","","37.9","5,S,26,+","","","","","","","27.94","8,S","35.10","5,,,S","20.78","5,,,S"
"BL000085043","2018-10","-11.0","-66.117","141.0","RIBERALTA, BL","","","284.8","2,S","","","","","","","0","1,S","0","1,S","0","1,S","30","1,S","26","1,S","20181005",",1,S","","","20181001",",1,S","20.4","1,S,05,","","","37.4","1,S,01,","","","0.0","1,S","","","28.14","2,S","34.05","1,,,S","22.23","1,,,S"
"BL000085043","2018-11","-11.0","-66.117","141.0","RIBERALTA, BL","","","243.2","3,S","","","","","","","0",",S","0",",S","0","3,S","27","3,S","15","3,S","20181125",",,S","","","20181101",",3,S","21.4",",S,25,","","","35.0","3,S,01,","","","0.0","3,S","","","27.33","3,S","32.13","3,,,S","22.54",",,,S"
"BL000085043","2018-12","-11.0","-66.117","141.0","RIBERALTA, BL","","","257.1","1,S","21","5,S","21","5,S","3","5,S","0","1,S","0","1,S","0",",S","31",",S","15",",S","20181208",",1,S","20181227",",5,S","20181213",",,S","21.0","1,S,08,","56.6","5,,S,27,","33.8",",S,13,","","","0.0",",S","257.3","5,,,S","26.82","1,S","31.43",",,,S","22.20","1,,,S"
"BL000085043","2019-01","-11.0","-66.117","141.0","RIBERALTA, BL","","","222.9","5,S","20","5,S","18","5,S","4","5,S","0","2,S","0","2,S","0","4,S","27","4,S","12","4,S","20190120","+,2,S","20190116",",5,S","20190123",",4,S","21.0","2,S,20,+","80.0","5,,S,16,","34.8","4,S,23,","0.0","S","0.0","4,S","391.8","5,,,S","26.91","5,S","31.64","4,,,S","22.18","2,,,S"
"BL000085043","2019-02","-11.0","-66.117","141.0","RIBERALTA, BL","","","","","","","","","","","0",",S","0",",S","","","","","","","20190217",",,S","","","","","21.0",",S,17,","","","","","","","","","","","","","","","22.42",",,,S"
"BL000085043","2019-03","-11.0","-66.117","141.0","RIBERALTA, BL","","","","","","","","","","","0","2,S","0","2,S","","","","","","","20190310",",2,S","","","","","22.0","2,S,10,","","","","","","","","","","","","","","","22.64","2,,,S"
"BL000085043","2019-04","-11.0","-66.117","141.0","RIBERALTA, BL","","","","","","","","","","","0","2,","0","2,S","","","","","","","20190409","+,2,S","","","","","19.0","2,S,09,+","","","","","","","","","","","","","","","22.29","2,,,S"
"BL000085043","2019-05","-11.0","-66.117","141.0","RIBERALTA, BL","","","","","","","","","","","0","5,","0","5,S","","","","","","","20190525",",5,S","","","","","16.0","5,S,25,","","","","","","","","","","","","","","","20.88","5,,,S"
"BL000085043","2019-06","-11.0","-66.117","141.0","RIBERALTA, BL","","","","","","","","","","","0","3,","0","3,S","","","","","","","20190621",",3,S","","","","","17.0","3,S,21,","","","","","","","","","","","","","","","20.46","3,,,S"
"BL000085043","2019-07","-11.0","-66.117","141.0","RIBERALTA, BL","","","","","","","","","","","0","2,","0","2,S","","","","","","","20190726",",2,S","","","","","11.3","2,S,26,","","","","","","","","","","","","","","","18.48","2,,,S"
"BL000085043","2019-08","-11.0","-66.117","141.0","RIBERALTA, BL","","","","","","","","","","","0","2,","0","2,S","","","","","","","20190805",",2,S","","","","","9.7","2,S,05,","","","","","","","","","","","","","","","18.02","2,,,S"
"BL000085043","2019-09","-11.0","-66.117","141.0","RIBERALTA, BL","","","","","","","","","","","0","2,","0","2,S","","","","","","","20190927",",2,S","","","","","20.0","2,S,27,","","","","","","","","","","","","","","","22.44","2,,,S"
"BL000085043","2019-10","-11.0","-66.117","141.0","RIBERALTA, BL","","","","","","","","","","","0","3,","0","3,S","","","","","","","20191007",",3,S","","","","","15.4","3,S,07,","","","","","","","","","","","","","","","21.78","3,,,S"
"BL000085043","2019-11","-11.0","-66.117","141.0","RIBERALTA, BL","","","","","","","","","","","0","1,","0","1,S","","","","","","","20191115",",1,S","","","","","20.6","1,S,15,","","","","","","","","","","","","","","","22.13","1,,,S"
"BL000085043","2019-12","-11.0","-66.117","141.0","RIBERALTA, BL","","","","","","","","","","","0","1,","0","1,S","","","","","","","20191223","+,1,S","","","","","21.0","1,S,23,+","","","","","","","","","","","","","","","22.19","1,,,S"
"BL000085043","2020-01","-11.0","-66.117","141.0","RIBERALTA, BL","","","","","","","","","","","0","5,S","0","5,S","","","","","","","20200114",",5,S","","","","","21.8","5,S,14,","","","","","","","","","","","","","","","22.68","5,,,S"
"BL000085043","2020-02","-11.0","-66.117","141.0","RIBERALTA, BL","","","","","19","4,S","17","4,S","4","4,S","0","2,S","0","2,S","","","","","","","20200223",",2,S","20200222",",4,S","","","19.0","2,S,23,","114.6","4,,S,22,","","","","","","","391.2","4,,,S","","","","","22.40","2,,,S"
"BL000085043","2020-03","-11.0","-66.117","141.0","RIBERALTA, BL","","","","","","","","","","","0","4,S","0","4,S","","","","","","","20200331","+,4,S","","","","","22.0","4,S,31,+","","","","","","","","","","","","","","","23.00","4,,,S"
"BL000085043","2020-05","-11.0","-66.117","141.0","RIBERALTA, BL","","","","","","","","","","","0","5,S","0","5,S","","","","","","","20200524",",5,S","","","","","14.2","5,S,24,","","","","","","","","","","","","","","","20.65","5,,,S"
"BL000085043","2020-07","-11.0","-66.117","141.0","RIBERALTA, BL","","","","","","","","","","","0","4,S","0","4,S","","","","","","","20200730",",4,S","","","","","14.5","4,S,30,","","","","","","","","","","","","","","","19.33","4,,,S"
"BL000085043","2020-08","-11.0","-66.117","141.0","RIBERALTA, BL","","","","","","","","","","","0","3,S","0","3,S","","","","","","","20200822","+,3,S","","","","","9.0","3,S,22,+","","","","","","","","","","","","","","","19.96","3,,,S"
"BL000085043","2020-09","-11.0","-66.117","141.0","RIBERALTA, BL","","","","","","","","","","","0","3,S","0","3,S","","","","","","","20200922",",3,S","","","","","18.4","3,S,22,","","","","","","","","","","","","","","","21.93","3,,,S"
"BL000085043","2020-10","-11.0","-66.117","141.0","RIBERALTA, BL","","","","","","","","","","","0","3,S","0","3,S","0","4,S","27","4,S","25","4,S","20201031",",3,S","","","20201009",",4,S","20.2","3,S,31,","","","38.2","4,S,09,","","","","","","","29.35","6,S","36.00","4,,,S","22.70","3,,,S"
"BL000085043","2020-11","-11.0","-66.117","141.0","RIBERALTA, BL","","","265.6","5,S","","","","","","","0","2,S","0","2,S","0","3,S","27","3,S","26","3,S","20201120",",2,S","","","20201124","+,3,S","19.7","2,S,20,","","","37.7","3,S,24,+","","","0.0","3,S","","","28.92","5,S","34.77","3,,,S","23.07","2,,,S"
"BL000085043","2020-12","-11.0","-66.117","141.0","RIBERALTA, BL","","","","","","","","","","","0","2,S","0","2,S","0","4,S","27","4,S","22","4,S","20201227",",2,S","","","20201210","+,4,S","21.2","2,S,27,","","","35.5","4,S,10,+","","","","","","","27.80","6,S","33.07","4,,,S","22.52","2,,,S"
"BL000085043","2021-03","-11.0","-66.117","141.0","RIBERALTA, BL","","","225.8","5,S","","","","","","","0","1,S","0","1,S","0","4,S","27","4,S","12","4,S","20210323",",1,S","","","20210318",",4,S","20.5","1,S,23,","","","34.7","4,S,18,","","","0.0","4,S","","","27.04","5,S","31.94","4,,,S","22.13","1,,,S"
"BL000085043","2021-06","-11.0","-66.117","141.0","RIBERALTA, BL","","","172.3","5,S","","","","","","","0","4,S","0","4,S","0","1,S","29","1,S","16","1,S","20210630",",4,S","","","20210627","+,1,S","9.4","4,S,30,","","","34.2","1,S,27,+","","","1.3","1,S","","","25.07","5,S","31.08","1,,,S","19.05","4,,,S"
"BL000085043","2021-07","-11.0","-66.117","141.0","RIBERALTA, BL","194.9","S","194.9","2,S","","","","","","","0","2,S","0","2,S","0","1,S","30","1,S","21","1,S","20210701",",2,S","","","20210728","+,1,S","10.0","2,S,01,","","","36.0","1,S,28,+","","","0.0","1,S","","","25.07","2,S","33.02","1,,,S","17.12","2,,,S"
"BL000085043","2021-08","-11.0","-66.117","141.0","RIBERALTA, BL","452.4","S","257.5","2,S","","","","","","","0","2,S","0","2,S","0","2,S","29","2,S","28","2,S","20210802",",2,S","","","20210826","+,2,S","15.0","2,S,02,","","","37.7","2,S,26,+","","","0.0","2,S","","","27.21","2,S","35.25","2,,,S","19.17","2,,,S"
"BL000085043","2021-09","-11.0","-66.117","141.0","RIBERALTA, BL","732.7","S","280.3","5,S","","","","","","","0","4,S","0","4,S","0","4,S","26","4,S","26","4,S","20210910",",4,S","","","20210905",",4,S","17.0","4,S,10,","","","38.1","4,S,05,","","","0.0","4,S","","","29.51","5,S","36.44","4,,,S","22.59","4,,,S"
"BL000085043","2021-12","-11.0","-66.117","141.0","RIBERALTA, BL","","","","","","","","","","","0","5,S","0","5,S","0","4,S","27","4,S","20","4,S","20211222",",5,S","","","20211226","+,4,S","20.7","5,S,22,","","","35.2","4,S,26,+","","","","","","","27.73","6,S","32.69","4,,,S","22.77","5,,,S"
"BL000085043","2022-01","-11.0","-66.117","141.0","RIBERALTA, BL","","","","","","","","","","","0","5,S","0","5,S","","","","","","","20220113",",5,S","","","","","21.0","5,S,13,","","","","","","","","","","","","","","","22.35","5,,,S"
"BL000085043","2022-02","-11.0","-66.117","141.0","RIBERALTA, BL","","","","","16","4,S","13","4,S","4","4,S","0","1,S","0","1,S","","","","","","","20220222","+,1,S","20220202",",4,S","","","21.0","1,S,22,+","40.9","4,,S,02,","","","","","","","223.7","4,,,S","","","","","22.15","1,,,S"
"BL000085043","2022-03","-11.0","-66.117","141.0","RIBERALTA, BL","","","","","21","3,S","19","3,S","4","3,S","0","5,S","0","5,S","","","","","","","20220327",",5,S","20220312",",3,S","","","20.1","5,S,27,","55.1","3,,S,12,","","","","","","","328.6","3,,,S","","","","","21.67","5,,,S"
"BL000085043","2022-04","-11.0","-66.117","141.0","RIBERALTA, BL","","","","","","","","","","","0","3,S","0","3,S","0","3,S","27","3,S","25","3,S","20220403",",3,S","","","20220408",",3,S","17.6","3,S,03,","","","35.4","3,S,08,","","","","","","","27.83","5,S","33.73","3,,,S","21.93","3,,,S"
"BL000085043","2022-05","-11.0","-66.117","141.0","RIBERALTA, BL","","","242.9","1,S","","","","","","","0","1,S","0","1,S","0",",S","31",",S","25",",S","20220519",",1,S","","","20220502","+,,S","14.0","1,S,19,","","","35.3",",S,02,+","","","0.0",",S","","","26.32","1,S","33.09",",,,S","19.55","1,,,S"
"BL000085043","2022-06","-11.0","-66.117","141.0","RIBERALTA, BL","","","179.0","2,S","","","","","","","0","1,S","0","1,S","0","1,S","29","1,S","19","1,S","20220613",",1,S","","","20220624","+,1,S","12.2","1,S,13,","","","34.3","1,S,24,+","","","0.0","1,S","","","24.74","2,S","31.51","1,,,S","17.97","1,,,S"
"BL000085043","2022-07","-11.0","-66.117","141.0","RIBERALTA, BL","246.3","S","246.3","3,S","","","","","","","0","1,S","0","1,S","0","2,S","29","2,S","29","2,S","20220718",",1,S","","","20220728","+,2,S","13.0","1,S,18,","","","36.7","2,S,28,+","","","0.0","2,S","","","27.11","3,S","35.14","2,,,S","19.08","1,,,S"
"BL000085043","2022-08","-11.0","-66.117","141.0","RIBERALTA, BL","","","","","","","","","","","0","3,S","0","3,S","0","5,S","26","5,S","23","5,S","20220820",",3,S","","","20220818",",5,S","10.2","3,S,20,","","","36.6","5,S,18,","","","","","","","26.23","8,S","34.43","5,,,S","18.03","3,,,S"
"BL000085043","2022-09","-11.0","-66.117","141.0","RIBERALTA, BL","","","","","","","","","","","0","2,S","0","2,S","0","5,S","25","5,S","24","5,S","20220916",",2,S","","","20220928","+,5,S","14.8","2,S,16,","","","38.4","5,S,28,+","","","","","","","28.22","6,S","36.44","5,,,S","20.00","2,,,S"
"BL000085043","2022-10","-11.0","-66.117","141.0","RIBERALTA, BL","","","268.4","5,S","","","","","","","0","1,S","0","1,S","0","4,S","27","4,S","27","4,S","20221001",",1,S","","","20221028","+,4,S","16.8","1,S,01,","","","37.3","4,S,28,+","","","0.0","4,S","","","28.52","5,S","35.43","4,,,S","21.62","1,,,S"
"BL000085043","2022-11","-11.0","-66.117","141.0","RIBERALTA, BL","","","","","","","","","","","0","3,S","0","3,S","0","5,S","25","5,S","21","5,S","20221105",",3,S","","","20221111",",5,S","15.3","3,S,05,","","","37.8","5,S,11,","","","","","","","28.31","7,S","35.18","5,,,S","21.44","3,,,S"
"BL000085043","2022-12","-11.0","-66.117","141.0","RIBERALTA, BL","","","","","","","","","","","0","4,S","0","4,S","0","5,S","26","5,S","19","5,S","20221225",",4,S","","","20221225",",5,S","18.6","4,S,25,","","","35.7","5,S,25,","","","","","","","27.55","9,S","33.43","5,,,S","21.67","4,,,S"
"BL000085043","2023-01","-11.0","-66.117","141.0","RIBERALTA, BL","","","246.9","4,S","","","","","","","0",",S","0",",S","0","4,S","27","4,S","24","4,S","20230107",",,S","","","20230109",",4,S","19.6",",S,07,","","","35.4","4,S,09,","0.0","S","0.0","4,S","","","27.47","4,S","33.06","4,,,S","21.89",",,,S"
"BL000085043","2023-02","-11.0","-66.117","141.0","RIBERALTA, BL","","","","","16","5,S","14","5,S","5","5,S","0","4,S","0","4,S","0","3,S","25","3,S","15","3,S","20230220",",4,S","20230219",",5,S","20230228",",3,S","19.4","4,S,20,","45.7","5,,S,19,","34.1","3,S,28,","","","","","220.5","5,,,S","27.27","6,S","32.37","3,,,S","22.17","4,,,S"
"BL000085043","2023-03","-11.0","-66.117","141.0","RIBERALTA, BL","","","","","20","5,S","18","5,S","3","5,S","0","2,S","0","2,S","","","","","","","20230322",",2,S","20230312",",5,S","","","21.0","2,S,22,","49.8","5,,S,12,","","","","","","","273.7","5,,,S","","","","","22.38","2,,,S"
"BL000085043","2023-04","-11.0","-66.117","141.0","RIBERALTA, BL","","","","","","","","","","","0","4,S","0","4,S","","","","","","","20230421",",4,S","","","","","20.4","4,S,21,","","","","","","","","","","","","","","","22.23","4,,,S"
"BL000085043","2023-06","-11.0","-66.117","141.0","RIBERALTA, BL","","","","","","","","","","","0","3,S","0","3,S","","","","","","","20230614",",3,S","","","","","9.4","3,S,14,","","","","","","","","","","","","","","","19.18","3,,,S"
"BL000085043","2023-07","-11.0","-66.117","141.0","RIBERALTA, BL","","","","","","","","","","","0","4,S","0","4,S","","","","","","","20230715",",4,S","","","","","14.2","4,S,15,","","","","","","","","","","","","","","","19.89","4,,,S"
"BL000085043","2023-08","-11.0","-66.117","141.0","RIBERALTA, BL","","","","","","","","","","","0","3,S","0","3,S","","","","","","","20230814",",3,S","","","","","16.2","3,S,14,","","","","","","","","","","","","","","","21.99","3,,,S"
"BL000085043","2023-09","-11.0","-66.117","141.0","RIBERALTA, BL","","","","","","","","","","","0","3,S","0","3,S","","","","","","","20230915",",3,S","","","","","19.3","3,S,15,","","","","","","","","","","","","","","","23.36","3,,,S"
"BL000085043","2023-10","-11.0","-66.117","141.0","RIBERALTA, BL","","","","","","","","","","","0","2,S","0","2,S","","","","","","","20231017",",2,S","","","","","22.2","2,S,17,","","","","","","","","","","","","","","","24.03","2,,,S"
"BL000085043","2023-11","-11.0","-66.117","141.0","RIBERALTA, BL","","","","","","","","","","","0","3,S","0","3,S","","","","","","","20231105",",3,S","","","","","20.1","3,S,05,","","","","","","","","","","","","","","","23.17","3,,,S"
"BL000085043","2023-12","-11.0","-66.117","141.0","RIBERALTA, BL","","","","","","","","","","","0","1,S","0","1,S","","","","","","","20231226","+,1,S","","","","","21.0","1,S,26,+","","","","","","","","","","","","","","","23.09","1,,,S"
"BL000085043","2024-01","-11.0","-66.117","141.0","RIBERALTA, BL","","","","","24","2,S","16","2,S","3","2,S","0","2,S","0","2,S","","","","","","","20240119",",2,S","20240131",",2,S","","","21.1","2,S,19,","86.6","2,,S,31,","","","","","","","312.7","2,,,S","","","","","23.04","2,,,S"
"BL000085043","2024-02","-11.0","-66.117","141.0","RIBERALTA, BL","","","","","19","4,S","15","4,S","4","4,S","0","4,S","0","4,S","","","","","","","20240224",",4,S","20240223",",4,S","","","20.8","4,S,24,","91.9","4,,S,23,","","","","","","","379.9","4,,,S","","","","","22.69","4,,,S"
"BL000085043","2024-04","-11.0","-66.117","141.0","RIBERALTA, BL","","","","","","","","","","","0","5,S","0","5,S","","","","","","","20240418",",5,S","","","","","21.5","5,S,18,","","","","","","","","","","","","","","","23.83","5,,,S"
"BL000085043","2024-05","-11.0","-66.117","141.0","RIBERALTA, BL","","","","","","","","","","","0","3,S","0","3,S","","","","","","","20240529",",3,S","","","","","12.1","3,S,29,","","","","","","","","","","","","","","","20.31","3,,,S"
