"STATION","DATE","LATITUDE","LONGITUDE","ELEVATION","NAME","DP01","DP01_ATTRIBUTES","DP10","DP10_ATTRIBUTES","DP1X","DP1X_ATTRIBUTES","DT00","DT00_ATTRIBUTES","DT32","DT32_ATTRIBUTES","DX32","DX32_ATTRIBUTES","DX70","DX70_ATTRIBUTES","DX90","DX90_ATTRIBUTES","DYNT","DYNT_ATTRIBUTES","DYXP","DYXP_ATTRIBUTES","DYXT","DYXT_ATTRIBUTES","EMNT","EMNT_ATTRIBUTES","EMXP","EMXP_ATTRIBUTES","EMXT","EMXT_ATTRIBUTES","PRCP","PRCP_ATTRIBUTES","TAVG","TAVG_ATTRIBUTES","TMAX","TMAX_ATTRIBUTES","TMIN","TMIN_ATTRIBUTES"
"BP000091517","1952-11","-9.417","159.967","56.0","HONIARA, BP","21","1,I","14","1,I","2","1,I","","","","","","","","","","","","","19521129",",1,I","","","","","87.9","1,,I,29,","","","268.3","1,,,I","","","","","",""
"BP000091517","1953-03","-9.417","159.967","56.0","HONIARA, BP","21","5,I","16","5,I","5","5,I","","","","","","","","","","","","","19530304",",5,I","","","","","79.0","5,,I,04,","","","322.2","5,,,I","","","","","",""
"BP000091517","1953-04","-9.417","159.967","56.0","HONIARA, BP","22","5,I","17","5,I","4","5,I","","","","","","","","","","","","","19530425",",5,I","","","","","47.0","5,,I,25,","","","315.5","5,,,I","","","","","",""
"BP000091517","1953-11","-9.417","159.967","56.0","HONIARA, BP","18","3,I","14","3,I","2","3,I","","","","","","","","","","","","","19531114",",3,I","","","","","38.1","3,,I,14,","","","186.2","3,,,I","","","","","",""
"BP000091517","1954-01","-9.417","159.967","56.0","HONIARA, BP","23","1,I","19","1,I","3","1,I","","","","","","","","","","","","","19540113",",1,I","","","","","84.1","1,,I,13,","","","367.8","1,,,I","","","","","",""
"BP000091517","1954-02","-9.417","159.967","56.0","HONIARA, BP","25","2,I","21","2,I","3","2,I","","","","","","","","","","","","","19540219",",2,I","","","","","132.1","2,,I,19,","","","450.0","2,,,I","","","","","",""
"BP000091517","1954-03","-9.417","159.967","56.0","HONIARA, BP","23","3,I","17","3,I","7","3,I","","","","","","","","","","","","","19540311",",3,I","","","","","53.1","3,,I,11,","","","404.6","3,,,I","","","","","",""
"BP000091517","1955-03","-9.417","159.967","56.0","HONIARA, BP","29",",I","21",",I","9",",I","","","","","","","","","","","","","19550306",",,I","","","","","137.9",",,I,06,","","","613.3",",,,I","","","","","",""
"BP000091517","1955-04","-9.417","159.967","56.0","HONIARA, BP","19","4,I","7","4,I","1","4,I","","","","","","","","","","","","","19550410",",4,I","","","","","34.0","4,,I,10,","","","116.4","4,,,I","","","","","",""
"BP000091517","1955-05","-9.417","159.967","56.0","HONIARA, BP","22","5,I","12","5,I","2","5,I","","","","","","","","","","","","","19550512",",5,I","","","","","48.0","5,,I,12,","","","181.5","5,,,I","","","","","",""
"BP000091517","1955-11","-9.417","159.967","56.0","HONIARA, BP","19","3,I","10","3,I","1","3,I","","","","","","","","","","","","","19551120",",3,I","","","","","27.9","3,,I,20,","","","137.9","3,,,I","","","","","",""
"BP000091517","1955-12","-9.417","159.967","56.0","HONIARA, BP","26","1,I","21","1,I","6","1,I","","","","","","","","","","","","","19551209",",1,I","","","","","89.9","1,,I,09,","","","586.3","1,,,I","","","","","",""
"BP000091517","1956-02","-9.417","159.967","56.0","HONIARA, BP","28",",I","19",",I","6",",I","","","","","","","","","","","","","19560203",",,I","","","","","87.1",",,I,03,","","","496.8",",,,I","","","","","",""
"BP000091517","1956-03","-9.417","159.967","56.0","HONIARA, BP","28",",I","19",",I","5",",I","","","","","","","","","","","","","19560303",",,I","","","","","51.1",",,I,03,","","","334.7",",,,I","","","","","",""
"BP000091517","1956-12","-9.417","159.967","56.0","HONIARA, BP","21","4,I","6","4,I","1","4,I","","","","","","","","","","","","","19561216",",4,I","","","","","39.1","4,,I,16,","","","91.9","4,,,I","","","","","",""
"BP000091517","1957-03","-9.417","159.967","56.0","HONIARA, BP","22","3,I","16","3,I","3","3,I","","","","","","","","","","","","","19570326",",3,I","","","","","106.9","3,,I,26,","","","319.5","3,,,I","","","","","",""
"BP000091517","1957-04","-9.417","159.967","56.0","HONIARA, BP","19","4,I","9","4,I","2","4,I","","","","","","","","","","","","","19570417",",4,I","","","","","33.0","4,,I,17,","","","114.9","4,,,I","","","","","",""
"BP000091517","1957-09","-9.417","159.967","56.0","HONIARA, BP","16","5,I","10","5,I","0","5,I","","","","","","","","","","","","","19570917",",5,I","","","","","17.0","5,,I,17,","","","82.6","5,,,I","","","","","",""
"BP000091517","1957-10","-9.417","159.967","56.0","HONIARA, BP","22","3,I","13","3,I","1","3,I","","","","","","","","","","","","","19571021",",3,I","","","","","39.1","3,,I,21,","","","174.7","3,,,I","","","","","",""
"BP000091517","1992-11","-9.417","159.967","56.0","HONIARA, BP","9","3,I","4","3,I","1","3,I","","","","","0","4,I","26","4,I","0","4,I","","","19921124",",3,I","19921128",",4,I","","","48.0","3,,I,24,","32.1","4,I,28,","101.0","3,,,I","","","30.67","4,,,I","",""
"BP000091517","1993-01","-9.417","159.967","56.0","HONIARA, BP","8",",I","6",",I","0",",I","","","","","0","3,I","28","3,I","7","3,I","","","19930102",",,I","19930105","+,3,I","","","15.0",",,I,02,","34.2","3,I,05,+","53.3",",,,I","","","31.79","3,,,I","",""
"BP000091517","1993-02","-9.417","159.967","56.0","HONIARA, BP","16",",I","13",",I","3",",I","","","","","","","","","","","","","19930224",",,I","","","","","55.9",",,I,24,","","","203.5",",,,I","","","","","",""
"BP000091517","1993-03","-9.417","159.967","56.0","HONIARA, BP","","","","","","","","","","","0","5,I","26","5,I","7","5,I","","","","","19930304",",5,I","","","","","33.0","5,I,04,","","","","","31.39","5,,,I","",""
"BP000091517","1993-08","-9.417","159.967","56.0","HONIARA, BP","","","","","","","","","","","0","5,I","26","5,I","0","5,I","","","","","19930823",",5,I","","","","","31.0","5,I,23,","","","","","29.72","5,,,I","",""
"BP000091517","1993-09","-9.417","159.967","56.0","HONIARA, BP","11","2,I","3","2,I","0","2,I","","","","","0","5,I","25","5,I","0","5,I","","","19930916",",2,I","19930924",",5,I","","","8.9","2,,I,16,","32.1","5,I,24,","25.6","2,,,I","","","30.11","5,,,I","",""
"BP000091517","1994-01","-9.417","159.967","56.0","HONIARA, BP","16","4,I","12","4,I","2","4,I","","","","","","","","","","","","","19940127",",4,I","","","","","70.1","4,,I,27,","","","215.1","4,,,I","","","","","",""
"BP000091517","1994-02","-9.417","159.967","56.0","HONIARA, BP","16","1,I","13","1,I","5","1,I","","","","","0","2,I","26","2,I","3","2,I","","","19940224",",1,I","19940219",",2,I","","","99.1","1,,I,24,","33.1","2,I,19,","357.7","1,,,I","","","31.11","2,,,I","",""
"BP000091517","1994-03","-9.417","159.967","56.0","HONIARA, BP","14","1,I","9","1,I","3","1,I","","","","","0","4,I","27","4,I","1","4,I","","","19940324",",1,I","19940330",",4,I","","","117.1","1,,I,24,","32.5","4,I,30,","339.3","1,,,I","","","31.38","4,,,I","",""
"BP000091517","1994-04","-9.417","159.967","56.0","HONIARA, BP","13","4,I","9","4,I","1","4,I","","","","","0","3,I","27","3,I","5","3,I","","","19940422",",4,I","19940429","+,3,I","","","55.1","4,,I,22,","32.5","3,I,29,+","140.6","4,,,I","","","31.25","3,,,I","",""
"BP000091517","1994-05","-9.417","159.967","56.0","HONIARA, BP","14","3,I","9","3,I","0","3,I","","","","","0","2,I","29","2,I","3","2,I","","","19940509",",3,I","19940525",",2,I","","","23.9","3,,I,09,","33.4","2,I,25,","101.3","3,,,I","","","30.96","2,,,I","",""
"BP000091517","1994-06","-9.417","159.967","56.0","HONIARA, BP","13","2,I","8","2,I","1","2,I","","","","","","","","","","","","","19940615",",2,I","","","","","50.0","2,,I,15,","","","156.2","2,,,I","","","","","",""
"BP000091517","1994-07","-9.417","159.967","56.0","HONIARA, BP","12","3,I","2","3,I","0","3,I","","","","","0","2,I","29","2,I","1","2,I","","","19940727",",3,I","19940710",",2,I","","","14.0","3,,I,27,","32.7","2,I,10,","35.9","3,,,I","","","29.92","2,,,I","",""
"BP000091517","1994-08","-9.417","159.967","56.0","HONIARA, BP","","","","","","","","","","","0","4,I","27","4,I","1","4,I","","","","","19940808",",4,I","","","","","32.2","4,I,08,","","","","","30.41","4,,,I","",""
"BP000091517","1994-09","-9.417","159.967","56.0","HONIARA, BP","1",",I","1",",I","0",",I","","","","","0","1,I","29","1,I","3","1,I","","","19940906",",,I","19940904",",1,I","","","7.9",",,I,06,","32.5","1,I,04,","7.9",",,,I","","","30.74","1,,,I","",""
"BP000091517","1994-10","-9.417","159.967","56.0","HONIARA, BP","8","3,I","6","3,I","0","3,I","","","","","0","4,I","27","4,I","5","4,I","","","19941002",",3,I","19941020",",4,I","","","20.1","3,,I,02,","32.4","4,I,20,","54.8","3,,,I","","","31.27","4,,,I","",""
"BP000091517","1994-11","-9.417","159.967","56.0","HONIARA, BP","4","3,I","1","3,I","0","3,I","","","","","0","5,I","25","5,I","8","5,I","","","19941125",",3,I","19941115",",5,I","","","15.0","3,,I,25,","33.1","5,I,15,","16.8","3,,,I","","","31.87","5,,,I","",""
"BP000091517","1994-12","-9.417","159.967","56.0","HONIARA, BP","7","2,I","6","2,I","1","2,I","","","","","0","4,I","27","4,I","8","4,I","","","19941209",",2,I","19941214",",4,I","","","55.9","2,,I,09,","34.4","4,I,14,","112.1","2,,,I","","","31.56","4,,,I","",""
"BP000091517","1995-01","-9.417","159.967","56.0","HONIARA, BP","10","3,I","4","3,I","0","3,I","","","","","0","2,I","29","2,I","13","2,I","","","19950127",",3,I","19950111",",2,I","","","24.9","3,,I,27,","34.0","2,I,11,","62.3","3,,,I","","","31.94","2,,,I","",""
"BP000091517","1995-02","-9.417","159.967","56.0","HONIARA, BP","10","3,I","4","3,I","2","3,I","","","","","0","4,I","24","4,I","5","4,I","","","19950221",",3,I","19950218",",4,I","","","65.0","3,,I,21,","32.8","4,I,18,","159.6","3,,,I","","","31.48","4,,,I","",""
"BP000091517","1995-03","-9.417","159.967","56.0","HONIARA, BP","20","2,I","12","2,I","2","2,I","","","","","","","","","","","","","19950303",",2,I","","","","","57.9","2,,I,03,","","","183.9","2,,,I","","","","","",""
"BP000091517","1995-04","-9.417","159.967","56.0","HONIARA, BP","15","1,I","8","1,I","4","1,I","","","","","","","","","","","","","19950418",",1,I","","","","","39.9","1,,I,18,","","","185.3","1,,,I","","","","","",""
"BP000091517","1995-05","-9.417","159.967","56.0","HONIARA, BP","11","2,I","8","2,I","1","2,I","","","","","","","","","","","","","19950524",",2,I","","","","","31.0","2,,I,24,","","","115.7","2,,,I","","","","","",""
"BP000091517","1995-06","-9.417","159.967","56.0","HONIARA, BP","9","4,I","5","4,I","0","4,I","","","","","","","","","","","","","19950603",",4,I","","","","","15.0","4,,I,03,","","","42.2","4,,,I","","","","","",""
"BP000091517","1995-07","-9.417","159.967","56.0","HONIARA, BP","10","3,I","6","3,I","0","3,I","","","","","","","","","","","","","19950724",",3,I","","","","","11.9","3,,I,24,","","","36.4","3,,,I","","","","","",""
"BP000091517","1995-08","-9.417","159.967","56.0","HONIARA, BP","17","2,I","6","2,I","0","2,I","","","","","0","4,I","27","4,I","12","4,I","","","19950819",",2,I","19950806",",4,I","","","10.9","2,,I,19,","34.1","4,I,06,","58.7","2,,,I","","","31.93","4,,,I","",""
"BP000091517","1995-09","-9.417","159.967","56.0","HONIARA, BP","10","3,I","7","3,I","1","3,I","","","","","","","","","","","","","19950916",",3,I","","","","","47.0","3,,I,16,","","","95.3","3,,,I","","","","","",""
"BP000091517","1995-10","-9.417","159.967","56.0","HONIARA, BP","9","2,I","3","2,I","2","2,I","","","","","","","","","","","","","19951026",",2,I","","","","","165.1","2,,I,26,","","","237.4","2,,,I","","","","","",""
"BP000091517","1995-11","-9.417","159.967","56.0","HONIARA, BP","4","1,I","2","1,I","0","1,I","","","","","","","","","","","","","19951128",",1,I","","","","","10.9","1,,I,28,","","","15.4","1,,,I","","","","","",""
"BP000091517","1995-12","-9.417","159.967","56.0","HONIARA, BP","17","3,I","12","3,I","2","3,I","","","","","0","5,I","26","5,I","5","5,I","","","19951208",",3,I","19951221",",5,I","","","38.1","3,,I,08,","34.3","5,I,21,","140.6","3,,,I","","","31.65","5,,,I","",""
"BP000091517","1996-01","-9.417","159.967","56.0","HONIARA, BP","22","2,I","17","2,I","0","2,I","","","","","","","","","","","","","19960117","+,2,I","","","","","18.0","2,,I,17,+","","","141.3","2,,,I","","","","","",""
"BP000091517","1996-02","-9.417","159.967","56.0","HONIARA, BP","18","1,I","11","1,I","1","1,I","","","","","","","","","","","","","19960227",",1,I","","","","","39.1","1,,I,27,","","","160.6","1,,,I","","","","","",""
"BP000091517","1996-03","-9.417","159.967","56.0","HONIARA, BP","19",",I","14",",I","5",",I","","","","","","","","","","","","","19960309",",,I","","","","","88.9",",,I,09,","","","356.3",",,,I","","","","","",""
"BP000091517","1996-05","-9.417","159.967","56.0","HONIARA, BP","16","3,I","9","3,I","0","3,I","","","","","","","","","","","","","19960507",",3,I","","","","","21.1","3,,I,07,","","","90.5","3,,,I","","","","","",""
"BP000091517","1996-06","-9.417","159.967","56.0","HONIARA, BP","12","3,I","8","3,I","0","3,I","","","","","","","","","","","","","19960625",",3,I","","","","","21.1","3,,I,25,","","","95.1","3,,,I","","","","","",""
"BP000091517","1996-07","-9.417","159.967","56.0","HONIARA, BP","13","3,I","5","3,I","1","3,I","","","","","","","","","","","","","19960728",",3,I","","","","","36.1","3,,I,28,","","","71.3","3,,,I","","","","","",""
"BP000091517","1996-09","-9.417","159.967","56.0","HONIARA, BP","10","4,I","7","4,I","0","4,I","","","","","","","","","","","","","19960915",",4,I","","","","","23.1","4,,I,15,","","","84.1","4,,,I","","","","","",""
"BP000091517","1996-10","-9.417","159.967","56.0","HONIARA, BP","14","3,I","8","3,I","2","3,I","","","","","","","","","","","","","19961012",",3,I","","","","","69.1","3,,I,12,","","","202.4","3,,,I","","","","","",""
"BP000091517","1996-11","-9.417","159.967","56.0","HONIARA, BP","13","2,I","7","2,I","1","2,I","","","","","","","","","","","","","19961122",",2,I","","","","","34.0","2,,I,22,","","","98.4","2,,,I","","","","","",""
"BP000091517","1996-12","-9.417","159.967","56.0","HONIARA, BP","13","4,I","9","4,I","5","4,I","","","","","","","","","","","","","19961223",",4,I","","","","","127.0","4,,I,23,","","","471.8","4,,,I","","","","","",""
"BP000091517","1997-02","-9.417","159.967","56.0","HONIARA, BP","17","3,I","12","3,I","4","3,I","","","","","","","","","","","","","19970216",",3,I","","","","","48.0","3,,I,16,","","","266.7","3,,,I","","","","","",""
"BP000091517","1997-03","-9.417","159.967","56.0","HONIARA, BP","20","4,I","15","4,I","3","4,I","","","","","","","","","","","","","19970317",",4,I","","","","","182.1","4,,I,17,","","","454.5","4,,,I","","","","","",""
"BP000091517","1997-04","-9.417","159.967","56.0","HONIARA, BP","12","4,I","8","4,I","0","4,I","","","","","","","","","","","","","19970404",",4,I","","","","","22.1","4,,I,04,","","","67.4","4,,,I","","","","","",""
"BP000091517","2009-11","-9.417","159.967","56.0","HONIARA, BP","","","","","","","","","","","0","4,S","26","4,S","10","4,S","","","","","20091123",",4,S","","","","","33.6","4,S,23,","","","","","32.14","4,,,S","",""
"BP000091517","2010-02","-9.417","159.967","56.0","HONIARA, BP","","","","","","","","","","","0","2,S","26","2,S","12","2,S","","","","","20100202",",2,S","","","","","34.0","2,S,02,","","","","","31.94","2,,,S","",""
"BP000091517","2010-04","-9.417","159.967","56.0","HONIARA, BP","","","","","","","","","","","0","3,S","27","3,S","21","3,S","","","","","20100425",",3,S","","","","","33.2","3,S,25,","","","","","32.51","3,,,S","",""
"BP000091517","2010-05","-9.417","159.967","56.0","HONIARA, BP","","","","","","","","","","","0","2,S","29","2,S","23","2,S","","","","","20100506","+,2,S","","","","","33.4","2,S,06,+","","","","","32.58","2,,,S","",""
"BP000091517","2010-06","-9.417","159.967","56.0","HONIARA, BP","","","","","","","","","","","0","2,S","28","2,S","18","2,S","","","","","20100621",",2,S","","","","","34.2","2,S,21,","","","","","32.24","2,,,S","",""
"BP000091517","2010-07","-9.417","159.967","56.0","HONIARA, BP","","","","","","","","","","","0","2,S","29","2,S","10","2,S","","","","","20100724",",2,S","","","","","33.5","2,S,24,","","","","","31.75","2,,,S","",""
"BP000091517","2010-08","-9.417","159.967","56.0","HONIARA, BP","","","","","","","","","","","0","5,S","26","5,S","6","5,S","","","","","20100820","+,5,S","","","","","33.4","5,S,20,+","","","","","31.20","5,,,S","",""
"BP000091517","2010-09","-9.417","159.967","56.0","HONIARA, BP","","","","","","","0","4,S","0","4,S","0","5,S","25","5,S","9","5,S","20100922","+,4,S","","","20100923",",5,S","23.0","4,S,22,+","","","33.4","5,S,23,","","","27.72","9,S","31.77","5,,,S","23.67","4,,,S"
"BP000091517","2010-10","-9.417","159.967","56.0","HONIARA, BP","","","","","","","","","","","0","3,S","28","3,S","15","3,S","","","","","20101030","+,3,S","","","","","33.4","3,S,30,+","","","","","32.04","3,,,S","",""
"BP000091517","2010-11","-9.417","159.967","56.0","HONIARA, BP","","","","","","","","","","","0","1,S","29","1,S","12","1,S","","","","","20101105","+,1,S","","","","","33.8","1,S,05,+","","","","","32.00","1,,,S","",""
"BP000091517","2010-12","-9.417","159.967","56.0","HONIARA, BP","","","","","","","","","","","0","4,S","27","4,S","14","4,S","","","","","20101206",",4,S","","","","","33.4","4,S,06,","","","","","31.73","4,,,S","",""
"BP000091517","2011-01","-9.417","159.967","56.0","HONIARA, BP","21","4,S","11","4,S","3","4,S","","","","","0","2,S","29","2,S","8","2,S","","","20110120",",4,S","20110126",",2,S","","","106.9","4,,S,20,","34.1","2,S,26,","301.3","4,,,S","","","31.46","2,,,S","",""
"BP000091517","2011-03","-9.417","159.967","56.0","HONIARA, BP","","","","","","","","","","","0",",S","31",",S","16",",S","","","","","20110331",",,S","","","","","33.4",",S,31,","","","","","31.85",",,,S","",""
"BP000091517","2011-04","-9.417","159.967","56.0","HONIARA, BP","","","","","","","","","","","0","1,S","29","1,S","17","1,S","","","","","20110401",",1,S","","","","","33.5","1,S,01,","","","","","32.20","1,,,S","",""
"BP000091517","2011-05","-9.417","159.967","56.0","HONIARA, BP","","","","","","","","","","","0","4,S","27","4,S","9","4,S","","","","","20110529","+,4,S","","","","","33.0","4,S,29,+","","","","","31.87","4,,,S","",""
"BP000091517","2011-06","-9.417","159.967","56.0","HONIARA, BP","","","","","","","","","","","0","3,S","27","3,S","16","3,S","","","","","20110607",",3,S","","","","","33.8","3,S,07,","","","","","32.26","3,,,S","",""
"BP000091517","2011-07","-9.417","159.967","56.0","HONIARA, BP","","","","","","","","","","","0","3,S","28","3,S","10","3,S","","","","","20110706",",3,S","","","","","33.4","3,S,06,","","","","","31.88","3,,,S","",""
"BP000091517","2011-08","-9.417","159.967","56.0","HONIARA, BP","","","","","","","","","","","0","4,S","27","4,S","8","4,S","","","","","20110826",",4,S","","","","","33.8","4,S,26,","","","","","31.64","4,,,S","",""
"BP000091517","2011-09","-9.417","159.967","56.0","HONIARA, BP","","","","","","","","","","","0","1,S","29","1,S","19","1,S","","","","","20110915",",1,S","","","","","33.8","1,S,15,","","","","","32.42","1,,,S","",""
"BP000091517","2011-10","-9.417","159.967","56.0","HONIARA, BP","","","","","","","","","","","0","2,S","29","2,S","11","2,S","","","","","20111001",",2,S","","","","","33.7","2,S,01,","","","","","31.84","2,,,S","",""
"BP000091517","2011-11","-9.417","159.967","56.0","HONIARA, BP","","","","","","","","","","","0","3,S","27","3,S","8","3,S","","","","","20111127","+,3,S","","","","","33.4","3,S,27,+","","","","","31.62","3,,,S","",""
"BP000091517","2011-12","-9.417","159.967","56.0","HONIARA, BP","","","","","","","","","","","0","4,S","27","4,S","11","4,S","","","","","20111207",",4,S","","","","","33.8","4,S,07,","","","","","31.96","4,,,S","",""
"BP000091517","2012-01","-9.417","159.967","56.0","HONIARA, BP","","","","","","","","","","","0","2,S","29","2,S","8","2,S","","","","","20120126",",2,S","","","","","33.1","2,S,26,","","","","","31.05","2,,,S","",""
"BP000091517","2012-02","-9.417","159.967","56.0","HONIARA, BP","","","","","","","","","","","0","3,S","26","3,S","6","3,S","","","","","20120218",",3,S","","","","","32.7","3,S,18,","","","","","31.00","3,,,S","",""
"BP000091517","2012-03","-9.417","159.967","56.0","HONIARA, BP","","","","","","","","","","","0","1,S","30","1,S","21","1,S","","","","","20120317",",1,S","","","","","33.2","1,S,17,","","","","","31.97","1,,,S","",""
"BP000091517","2012-04","-9.417","159.967","56.0","HONIARA, BP","","","","","","","0","5,S","0","5,S","0","2,S","28","2,S","16","2,S","20120404",",5,S","","","20120404",",2,S","22.5","5,S,04,","","","33.4","2,S,04,","","","27.91","7,S","32.17","2,,,S","23.64","5,,,S"
"BP000091517","2012-05","-9.417","159.967","56.0","HONIARA, BP","","","","","","","","","","","0","2,S","29","2,S","3","2,S","","","","","20120523",",2,S","","","","","34.0","2,S,23,","","","","","31.64","2,,,S","",""
"BP000091517","2012-06","-9.417","159.967","56.0","HONIARA, BP","","","","","","","","","","","0","2,S","28","2,S","3","2,S","","","","","20120605","+,2,S","","","","","33.0","2,S,05,+","","","","","31.01","2,,,S","",""
"BP000091517","2012-07","-9.417","159.967","56.0","HONIARA, BP","","","","","","","","","","","0","2,S","29","2,S","3","2,S","","","","","20120717",",2,S","","","","","32.6","2,S,17,","","","","","30.98","2,,,S","",""
"BP000091517","2012-08","-9.417","159.967","56.0","HONIARA, BP","","","","","","","","","","","0","3,S","28","3,S","8","3,S","","","","","20120817",",3,S","","","","","34.5","3,S,17,","","","","","31.69","3,,,S","",""
"BP000091517","2012-09","-9.417","159.967","56.0","HONIARA, BP","","","","","","","","","","","0",",S","30",",S","8",",S","","","","","20120924","+,,S","","","","","33.0",",S,24,+","","","","","31.80",",,,S","",""
"BP000091517","2012-10","-9.417","159.967","56.0","HONIARA, BP","","","","","","","","","","","0","1,S","30","1,S","12","1,S","","","","","20121020","+,1,S","","","","","33.0","1,S,20,+","","","","","31.92","1,,,S","",""
"BP000091517","2013-01","-9.417","159.967","56.0","HONIARA, BP","","","","","","","","","","","0","2,S","29","2,S","16","2,S","","","","","20130125",",2,S","","","","","34.4","2,S,25,","","","","","31.83","2,,,S","",""
"BP000091517","2013-02","-9.417","159.967","56.0","HONIARA, BP","","","","","","","","","","","0",",S","28",",S","13",",S","","","","","20130215",",,S","","","","","34.0",",S,15,","","","","","31.94",",,,S","",""
"BP000091517","2013-03","-9.417","159.967","56.0","HONIARA, BP","","","","","","","","","","","0","2,S","29","2,S","6","2,S","","","","","20130315",",2,S","","","","","34.2","2,S,15,","","","","","30.93","2,,,S","",""
"BP000091517","2013-04","-9.417","159.967","56.0","HONIARA, BP","","","","","","","","","","","0","3,S","27","3,S","17","3,S","","","","","20130406",",3,S","","","","","33.7","3,S,06,","","","","","32.46","3,,,S","",""
"BP000091517","2013-05","-9.417","159.967","56.0","HONIARA, BP","","","","","","","","","","","0","3,S","28","3,S","15","3,S","","","","","20130509",",3,S","","","","","34.0","3,S,09,","","","","","32.30","3,,,S","",""
"BP000091517","2013-06","-9.417","159.967","56.0","HONIARA, BP","","","","","","","","","","","0","5,S","25","5,S","8","5,S","","","","","20130606",",5,S","","","","","34.0","5,S,06,","","","","","32.00","5,,,S","",""
"BP000091517","2013-07","-9.417","159.967","56.0","HONIARA, BP","","","","","","","","","","","0","4,S","27","4,S","5","4,S","","","","","20130718",",4,S","","","","","33.6","4,S,18,","","","","","31.18","4,,,S","",""
"BP000091517","2013-08","-9.417","159.967","56.0","HONIARA, BP","","","","","","","","","","","0","3,S","28","3,S","3","3,S","","","","","20130829",",3,S","","","","","33.5","3,S,29,","","","","","31.20","3,,,S","",""
"BP000091517","2015-11","-9.417","159.967","56.0","HONIARA, BP","","","","","","","","","","","0","5,S","25","5,S","17","5,S","","","","","20151121","+,5,S","","","","","33.5","5,S,21,+","","","","","32.35","5,,,S","",""
"BP000091517","2016-01","-9.417","159.967","56.0","HONIARA, BP","","","","","","","0","5,S","0","5,S","0","4,S","27","4,S","27","4,S","20160101",",5,S","","","20160108",",4,S","22.5","5,S,01,","","","34.9","4,S,08,","","","28.96","9,S","33.54","4,,,S","24.39","5,,,S"
"BP000091517","2016-03","-9.417","159.967","56.0","HONIARA, BP","","","","","","","","","","","0","5,S","26","5,S","22","5,S","","","","","20160306","+,5,S","","","","","34.0","5,S,06,+","","","","","32.75","5,,,S","",""
"BP000091517","2016-04","-9.417","159.967","56.0","HONIARA, BP","","","","","","","","","","","0","5,S","25","5,S","12","5,S","","","","","20160423",",5,S","","","","","33.5","5,S,23,","","","","","31.68","5,,,S","",""
"BP000091517","2016-05","-9.417","159.967","56.0","HONIARA, BP","","","","","","","","","","","0","4,S","27","4,S","19","4,S","","","","","20160501",",4,S","","","","","33.5","4,S,01,","","","","","32.20","4,,,S","",""
"BP000091517","2016-06","-9.417","159.967","56.0","HONIARA, BP","","","","","","","","","","","0","4,S","26","4,S","12","4,S","","","","","20160622",",4,S","","","","","34.0","4,S,22,","","","","","32.14","4,,,S","",""
"BP000091517","2016-07","-9.417","159.967","56.0","HONIARA, BP","","","","","","","","","","","0","4,S","27","4,S","7","4,S","","","","","20160726",",4,S","","","","","33.4","4,S,26,","","","","","31.45","4,,,S","",""
"BP000091517","2016-08","-9.417","159.967","56.0","HONIARA, BP","","","","","","","","","","","0","2,S","29","2,S","8","2,S","","","","","20160830",",2,S","","","","","34.0","2,S,30,","","","","","31.56","2,,,S","",""
"BP000091517","2016-09","-9.417","159.967","56.0","HONIARA, BP","","","","","","","","","","","0","5,S","25","5,S","11","5,S","","","","","20160914",",5,S","","","","","33.5","5,S,14,","","","","","31.97","5,,,S","",""
"BP000091517","2016-10","-9.417","159.967","56.0","HONIARA, BP","","","","","","","","","","","0","3,S","28","3,S","18","3,S","","","","","20161002",",3,S","","","","","34.0","3,S,02,","","","","","32.39","3,,,S","",""
"BP000091517","2016-11","-9.417","159.967","56.0","HONIARA, BP","","","","","","","","","","","0","4,S","26","4,S","11","4,S","","","","","20161109",",4,S","","","","","33.5","4,S,09,","","","","","31.70","4,,,S","",""
"BP000091517","2016-12","-9.417","159.967","56.0","HONIARA, BP","","","","","","","","","","","0","2,S","29","2,S","12","2,S","","","","","20161201",",2,S","","","","","34.0","2,S,01,","","","","","32.00","2,,,S","",""
"BP000091517","2017-01","-9.417","159.967","56.0","HONIARA, BP","25",",S","16",",S","3",",S","","","","","","","","","","","","","20170115",",,S","","","","","57.9",",,S,15,","","","290.1",",,,S","","","","","",""
"BP000091517","2017-02","-9.417","159.967","56.0","HONIARA, BP","23","1,S","19","1,S","4","1,S","","","","","0","3,S","25","3,S","14","3,S","","","20170207",",1,S","20170218",",3,S","","","218.9","1,,S,07,","33.6","3,S,18,","461.9","1,,,S","","","32.12","3,,,S","",""
"BP000091517","2017-03","-9.417","159.967","56.0","HONIARA, BP","","","","","","","","","","","0","2,S","29","2,S","20","2,S","","","","","20170309",",2,S","","","","","34.0","2,S,09,","","","","","32.29","2,,,S","",""
"BP000091517","2017-04","-9.417","159.967","56.0","HONIARA, BP","","","","","","","","","","","0","2,S","28","2,S","18","2,S","","","","","20170423",",2,S","","","","","34.0","2,S,23,","","","","","32.36","2,,,S","",""
"BP000091517","2017-06","-9.417","159.967","56.0","HONIARA, BP","19","2,S","11","2,S","3","2,S","","","","","0","2,S","28","2,S","4","2,S","","","20170630",",2,S","20170613","+,2,S","","","32.0","2,,S,30,","33.0","2,S,13,+","176.6","2,,,S","","","31.10","2,,,S","",""
"BP000091517","2017-07","-9.417","159.967","56.0","HONIARA, BP","","","","","","","","","","","0","2,S","29","2,S","9","2,S","","","","","20170719",",2,S","","","","","33.8","2,S,19,","","","","","31.55","2,,,S","",""
"BP000091517","2017-08","-9.417","159.967","56.0","HONIARA, BP","","","","","","","","","","","0","5,S","26","5,S","8","5,S","","","","","20170802",",5,S","","","","","33.3","5,S,02,","","","","","31.64","5,,,S","",""
"BP000091517","2017-10","-9.417","159.967","56.0","HONIARA, BP","","","","","","","","","","","0","4,S","27","4,S","12","4,S","","","","","20171004",",4,S","","","","","34.8","4,S,04,","","","","","32.31","4,,,S","",""
"BP000091517","2017-11","-9.417","159.967","56.0","HONIARA, BP","","","","","","","","","","","0","5,S","25","5,S","14","5,S","","","","","20171122",",5,S","","","","","34.0","5,S,22,","","","","","32.32","5,,,S","",""
"BP000091517","2017-12","-9.417","159.967","56.0","HONIARA, BP","","","","","","","","","","","0","4,S","27","4,S","14","4,S","","","","","20171228",",4,S","","","","","33.7","4,S,28,","","","","","31.87","4,,,S","",""
"BP000091517","2018-01","-9.417","159.967","56.0","HONIARA, BP","","","","","","","","","","","0","3,S","28","3,S","18","3,S","","","","","20180103",",3,S","","","","","34.0","3,S,03,","","","","","32.26","3,,,S","",""
"BP000091517","2018-03","-9.417","159.967","56.0","HONIARA, BP","","","","","","","","","","","0","2,S","29","2,S","15","2,S","","","","","20180323",",2,S","","","","","33.8","2,S,23,","","","","","31.86","2,,,S","",""
"BP000091517","2018-05","-9.417","159.967","56.0","HONIARA, BP","","","","","","","","","","","0","3,S","28","3,S","17","3,S","","","","","20180501",",3,S","","","","","33.4","3,S,01,","","","","","32.14","3,,,S","",""
"BP000091517","2018-06","-9.417","159.967","56.0","HONIARA, BP","","","","","","","","","","","0","5,S","25","5,S","11","5,S","","","","","20180618",",5,S","","","","","33.0","5,S,18,","","","","","31.50","5,,,S","",""
"BP000091517","2018-07","-9.417","159.967","56.0","HONIARA, BP","","","","","","","","","","","0","4,S","27","4,S","8","4,S","","","","","20180716","+,4,S","","","","","33.0","4,S,16,+","","","","","30.94","4,,,S","",""
"BP000091517","2018-08","-9.417","159.967","56.0","HONIARA, BP","","","","","","","","","","","0","3,S","28","3,S","9","3,S","","","","","20180816","+,3,S","","","","","33.0","3,S,16,+","","","","","31.34","3,,,S","",""
"BP000091517","2018-09","-9.417","159.967","56.0","HONIARA, BP","","","","","","","","","","","0","4,S","26","4,S","13","4,S","","","","","20180905",",4,S","","","","","33.5","4,S,05,","","","","","32.02","4,,,S","",""
"BP000091517","2018-10","-9.417","159.967","56.0","HONIARA, BP","","","","","","","","","","","0","5,S","26","5,S","16","5,S","","","","","20181022",",5,S","","","","","33.7","5,S,22,","","","","","32.46","5,,,S","",""
"BP000091517","2018-11","-9.417","159.967","56.0","HONIARA, BP","","","","","","","","","","","0","2,S","28","2,S","19","2,S","","","","","20181126","+,2,S","","","","","34.0","2,S,26,+","","","","","32.50","2,,,S","",""
"BP000091517","2018-12","-9.417","159.967","56.0","HONIARA, BP","","","","","","","","","","","0","4,S","27","4,S","18","4,S","","","","","20181214",",4,S","","","","","35.0","4,S,14,","","","","","32.12","4,,,S","",""
"BP000091517","2019-01","-9.417","159.967","56.0","HONIARA, BP","","","","","","","","","","","0","3,S","28","3,S","25","3,S","","","","","20190113",",3,S","","","","","34.9","3,S,13,","","","","","33.10","3,,,S","",""
"BP000091517","2019-02","-9.417","159.967","56.0","HONIARA, BP","","","","","","","","","","","0","1,S","27","1,S","9","1,S","","","","","20190227",",1,S","","","","","35.0","1,S,27,","","","","","31.64","1,,,S","",""
"BP000091517","2019-04","-9.417","159.967","56.0","HONIARA, BP","","","","","","","","","","","0","3,S","27","3,S","20","3,S","","","","","20190405","+,3,S","","","","","34.0","3,S,05,+","","","","","32.63","3,,,S","",""
"BP000091517","2019-05","-9.417","159.967","56.0","HONIARA, BP","","","","","","","","","","","0","2,S","29","2,S","18","2,S","","","","","20190512",",2,S","","","","","34.0","2,S,12,","","","","","32.41","2,,,S","",""
"BP000091517","2019-07","-9.417","159.967","56.0","HONIARA, BP","","","","","","","","","","","0","4,S","27","4,S","8","4,S","","","","","20190706",",4,S","","","","","33.0","4,S,06,","","","","","31.75","4,,,S","",""
"BP000091517","2019-08","-9.417","159.967","56.0","HONIARA, BP","","","","","","","","","","","0","2,S","29","2,S","16","2,S","","","","","20190816",",2,S","","","","","33.5","2,S,16,","","","","","31.99","2,,,S","",""
"BP000091517","2019-10","-9.417","159.967","56.0","HONIARA, BP","","","","","","","","","","","0","4,S","27","4,S","16","4,S","","","","","20191023",",4,S","","","","","34.0","4,S,23,","","","","","32.26","4,,,S","",""
"BP000091517","2019-11","-9.417","159.967","56.0","HONIARA, BP","","","","","","","","","","","0","4,S","26","4,S","16","4,S","","","","","20191129",",4,S","","","","","34.1","4,S,29,","","","","","32.30","4,,,S","",""
"BP000091517","2019-12","-9.417","159.967","56.0","HONIARA, BP","","","","","","","","","","","0","3,S","28","3,S","24","3,S","","","","","20191205",",3,S","","","","","34.0","3,S,05,","","","","","32.85","3,,,S","",""
"BP000091517","2020-01","-9.417","159.967","56.0","HONIARA, BP","","","","","","","","","","","0","1,S","30","1,S","25","1,S","","","","","20200123",",1,S","","","","","35.4","1,S,23,","","","","","33.28","1,,,S","",""
"BP000091517","2020-02","-9.417","159.967","56.0","HONIARA, BP","","","","","","","","","","","0","4,S","25","4,S","15","4,S","","","","","20200228",",4,S","","","","","34.4","4,S,28,","","","","","32.37","4,,,S","",""
"BP000091517","2020-05","-9.417","159.967","56.0","HONIARA, BP","","","","","","","","","","","0","4,S","27","4,S","25","4,S","","","","","20200515",",4,S","","","","","33.9","4,S,15,","","","","","33.03","4,,,S","",""
"BP000091517","2020-06","-9.417","159.967","56.0","HONIARA, BP","","","","","","","","","","","0","4,S","26","4,S","18","4,S","","","","","20200611",",4,S","","","","","33.3","4,S,11,","","","","","32.34","4,,,S","",""
"BP000091517","2020-07","-9.417","159.967","56.0","HONIARA, BP","","","","","","","","","","","0","5,S","26","5,S","16","5,S","","","","","20200727",",5,S","","","","","33.6","5,S,27,","","","","","31.87","5,,,S","",""
"BP000091517","2020-08","-9.417","159.967","56.0","HONIARA, BP","8","1,S","6","1,S","0","1,S","","","","","0","4,S","27","4,S","18","4,S","","","20200824",",1,S","20200818",",4,S","","","12.7","1,,S,24,","34.0","4,S,18,","46.3","1,,,S","","","32.30","4,,,S","",""
"BP000091517","2020-09","-9.417","159.967","56.0","HONIARA, BP","11","4,S","7","4,S","0","4,S","","","","","0","5,S","25","5,S","11","5,S","","","20200902",",4,S","20200928","+,5,S","","","23.9","4,,S,02,","33.7","5,S,28,+","90.8","4,,,S","","","31.92","5,,,S","",""
"BP000091517","2020-10","-9.417","159.967","56.0","HONIARA, BP","13","1,S","6","1,S","0","1,S","","","","","0","5,S","26","5,S","18","5,S","","","20201009",",1,S","20201012",",5,S","","","12.7","1,,S,09,","33.6","5,S,12,","46.6","1,,,S","","","32.25","5,,,S","",""
"BP000091517","2020-11","-9.417","159.967","56.0","HONIARA, BP","14","3,S","9","3,S","1","3,S","","","","","0","3,S","27","3,S","18","3,S","","","20201125",",3,S","20201113",",3,S","","","74.2","3,,S,25,","33.5","3,S,13,","190.3","3,,,S","","","32.17","3,,,S","",""
"BP000091517","2020-12","-9.417","159.967","56.0","HONIARA, BP","14",",S","9",",S","2",",S","","","","","","","","","","","","","20201230",",,S","","","","","81.3",",,S,30,","","","185.2",",,,S","","","","","",""
"BP000091517","2021-01","-9.417","159.967","56.0","HONIARA, BP","16","1,S","10","1,S","4","1,S","","","","","0","4,S","27","4,S","21","4,S","","","20210128",",1,S","20210107","+,4,S","","","65.5","1,,S,28,","34.0","4,S,07,+","254.6","1,,,S","","","32.36","4,,,S","",""
"BP000091517","2021-02","-9.417","159.967","56.0","HONIARA, BP","20","5,S","15","5,S","5","5,S","","","","","","","","","","","","","20210202",",5,S","","","","","79.0","5,,S,02,","","","362.1","5,,,S","","","","","",""
"BP000091517","2021-03","-9.417","159.967","56.0","HONIARA, BP","15",",S","8",",S","2",",S","","","","","0","4,S","27","4,S","15","4,S","","","20210305",",,S","20210327",",4,S","","","59.2",",,S,05,","33.6","4,S,27,","158.9",",,,S","","","32.34","4,,,S","",""
"BP000091517","2021-04","-9.417","159.967","56.0","HONIARA, BP","16","2,S","12","2,S","3","2,S","","","","","0",",S","30",",S","20",",S","","","20210407",",2,S","20210408",",,S","","","69.1","2,,S,07,","34.0",",S,08,","224.9","2,,,S","","","32.06",",,,S","",""
"BP000091517","2021-05","-9.417","159.967","56.0","HONIARA, BP","11","3,S","9","3,S","1","3,S","","","","","0","4,S","27","4,S","18","4,S","","","20210524",",3,S","20210517",",4,S","","","26.7","3,,S,24,","33.7","4,S,17,","66.0","3,,,S","","","32.19","4,,,S","",""
"BP000091517","2021-06","-9.417","159.967","56.0","HONIARA, BP","7","4,S","2","4,S","0","4,S","","","","","0",",S","30",",S","17",",S","","","20210625",",4,S","20210605",",,S","","","17.5","4,,S,25,","33.3",",S,05,","23.7","4,,,S","","","32.03",",,,S","",""
"BP000091517","2021-07","-9.417","159.967","56.0","HONIARA, BP","6","5,S","5","5,S","2","5,S","","","","","0","2,S","29","2,S","20","2,S","","","20210708",",5,S","20210719",",2,S","","","40.1","5,,S,08,","33.9","2,S,19,","113.4","5,,,S","","","32.44","2,,,S","",""
"BP000091517","2021-08","-9.417","159.967","56.0","HONIARA, BP","6","4,S","3","4,S","3","4,S","","","","","0","5,S","26","5,S","10","5,S","","","20210829",",4,S","20210803",",5,S","","","31.0","4,,S,29,","32.7","5,S,03,","90.9","4,,,S","","","31.58","5,,,S","",""
"BP000091517","2021-09","-9.417","159.967","56.0","HONIARA, BP","7","4,S","6","4,S","0","4,S","","","","","0","1,S","29","1,S","17","1,S","","","20210920",",4,S","20210913","+,1,S","","","22.4","4,,S,20,","33.2","1,S,13,+","49.1","4,,,S","","","32.25","1,,,S","",""
"BP000091517","2021-10","-9.417","159.967","56.0","HONIARA, BP","13","1,S","8","1,S","1","1,S","","","","","0","4,S","27","4,S","19","4,S","","","20211016",",1,S","20211025","+,4,S","","","90.2","1,,S,16,","33.5","4,S,25,+","165.2","1,,,S","","","32.44","4,,,S","",""
"BP000091517","2021-11","-9.417","159.967","56.0","HONIARA, BP","17",",S","12",",S","2",",S","","","","","0",",S","30",",S","22",",S","","","20211129",",,S","20211101",",,S","","","41.1",",,S,29,","33.8",",S,01,","171.8",",,,S","","","32.53",",,,S","",""
"BP000091517","2021-12","-9.417","159.967","56.0","HONIARA, BP","24",",S","13",",S","6",",S","","","","","0","3,S","28","3,S","11","3,S","","","20211209",",,S","20211230",",3,S","","","62.0",",,S,09,","33.4","3,S,30,","385.1",",,,S","","","31.79","3,,,S","",""
"BP000091517","2022-01","-9.417","159.967","56.0","HONIARA, BP","21","2,S","14","2,S","3","2,S","","","","","0","4,S","27","4,S","17","4,S","","","20220114",",2,S","20220118",",4,S","","","59.7","2,,S,14,","35.0","4,S,18,","273.0","2,,,S","","","32.20","4,,,S","",""
"BP000091517","2022-02","-9.417","159.967","56.0","HONIARA, BP","21",",S","15",",S","5",",S","","","","","0","3,S","25","3,S","14","3,S","","","20220228",",,S","20220205",",3,S","","","44.5",",,S,28,","33.8","3,S,05,","274.8",",,,S","","","32.07","3,,,S","",""
"BP000091517","2022-03","-9.417","159.967","56.0","HONIARA, BP","17",",S","11",",S","2",",S","","","","","0","5,S","26","5,S","18","5,S","","","20220325",",,S","20220322","+,5,S","","","70.1",",,S,25,","33.6","5,S,22,+","212.8",",,,S","","","32.41","5,,,S","",""
"BP000091517","2022-04","-9.417","159.967","56.0","HONIARA, BP","","","","","","","","","","","0","2,S","28","2,S","20","2,S","","","","","20220430",",2,S","","","","","33.4","2,S,30,","","","","","32.25","2,,,S","",""
"BP000091517","2022-05","-9.417","159.967","56.0","HONIARA, BP","10","1,S","8","1,S","0","1,S","","","","","0","2,S","29","2,S","22","2,S","","","20220503",",1,S","20220524",",2,S","","","22.4","1,,S,03,","33.4","2,S,24,","100.2","1,,,S","","","32.57","2,,,S","",""
"BP000091517","2022-06","-9.417","159.967","56.0","HONIARA, BP","","","","","","","","","","","0","1,S","29","1,S","17","1,S","","","","","20220629",",1,S","","","","","33.5","1,S,29,","","","","","32.23","1,,,S","",""
"BP000091517","2022-07","-9.417","159.967","56.0","HONIARA, BP","9","4,S","3","4,S","0","4,S","","","","","0","3,S","28","3,S","24","3,S","","","20220705",",4,S","20220717",",3,S","","","6.4","4,,S,05,","33.6","3,S,17,","18.9","4,,,S","","","32.73","3,,,S","",""
"BP000091517","2022-08","-9.417","159.967","56.0","HONIARA, BP","17",",S","10",",S","3",",S","","","","","0","1,S","30","1,S","18","1,S","","","20220825",",,S","20220801",",1,S","","","41.7",",,S,25,","33.5","1,S,01,","169.7",",,,S","","","32.20","1,,,S","",""
"BP000091517","2022-09","-9.417","159.967","56.0","HONIARA, BP","15",",S","9",",S","0",",S","","","","","0","3,S","27","3,S","14","3,S","","","20220920",",,S","20220910","+,3,S","","","11.2",",,S,20,","33.0","3,S,10,+","49.5",",,,S","","","31.91","3,,,S","",""
"BP000091517","2022-11","-9.417","159.967","56.0","HONIARA, BP","19",",S","11",",S","3",",S","","","","","0","4,S","26","4,S","16","4,S","","","20221112",",,S","20221117",",4,S","","","207.8",",,S,12,","33.8","4,S,17,","364.8",",,,S","","","32.45","4,,,S","",""
"BP000091517","2022-12","-9.417","159.967","56.0","HONIARA, BP","19","2,S","12","2,S","4","2,S","","","","","","","","","","","","","20221228",",2,S","","","","","60.7","2,,S,28,","","","247.3","2,,,S","","","","","",""
"BP000091517","2023-01","-9.417","159.967","56.0","HONIARA, BP","24",",S","18",",S","7",",S","","","","","0","1,S","30","1,S","10","1,S","","","20230107",",,S","20230122",",1,S","","","61.0",",,S,07,","33.5","1,S,22,","389.6",",,,S","","","31.44","1,,,S","",""
"BP000091517","2023-02","-9.417","159.967","56.0","HONIARA, BP","","","","","","","","","","","0","3,S","25","3,S","18","3,S","","","","","20230215","+,3,S","","","","","34.0","3,S,15,+","","","","","32.53","3,,,S","",""
"BP000091517","2023-03","-9.417","159.967","56.0","HONIARA, BP","15","2,S","11","2,S","3","2,S","","","","","","","","","","","","","20230314",",2,S","","","","","71.1","2,,S,14,","","","244.6","2,,,S","","","","","",""
"BP000091517","2023-04","-9.417","159.967","56.0","HONIARA, BP","14",",S","9",",S","3",",S","","","","","0","2,S","28","2,S","26","2,S","","","20230415",",,S","20230426",",2,S","","","141.5",",,S,15,","34.2","2,S,26,","258.6",",,,S","","","32.93","2,,,S","",""
"BP000091517","2023-05","-9.417","159.967","56.0","HONIARA, BP","15",",S","8",",S","2",",S","","","","","0","3,S","28","3,S","23","3,S","","","20230529",",,S","20230504",",3,S","","","36.8",",,S,29,","35.0","3,S,04,","123.5",",,,S","","","32.88","3,,,S","",""
"BP000091517","2023-06","-9.417","159.967","56.0","HONIARA, BP","12","1,S","7","1,S","0","1,S","","","","","","","","","","","","","20230613",",1,S","","","","","13.0","1,,S,13,","","","56.7","1,,,S","","","","","",""
"BP000091517","2023-07","-9.417","159.967","56.0","HONIARA, BP","16","1,S","12","1,S","1","1,S","","","","","0","5,S","26","5,S","12","5,S","","","20230726",",1,S","20230711",",5,S","","","36.6","1,,S,26,","33.1","5,S,11,","161.3","1,,,S","","","31.46","5,,,S","",""
"BP000091517","2023-08","-9.417","159.967","56.0","HONIARA, BP","11","3,S","8","3,S","0","3,S","","","","","","","","","","","","","20230823",",3,S","","","","","23.9","3,,S,23,","","","53.8","3,,,S","","","","","",""
"BP000091517","2023-10","-9.417","159.967","56.0","HONIARA, BP","16",",S","8",",S","1",",S","","","","","","","","","","","","","20231027",",,S","","","","","29.7",",,S,27,","","","115.7",",,,S","","","","","",""
"BP000091517","2023-11","-9.417","159.967","56.0","HONIARA, BP","16",",S","14",",S","5",",S","","","","","0","4,S","26","4,S","13","4,S","","","20231111",",,S","20231120","+,4,S","","","207.5",",,S,11,","33.8","4,S,20,+","466.0",",,,S","","","32.26","4,,,S","",""
"BP000091517","2023-12","-9.417","159.967","56.0","HONIARA, BP","12","2,S","9","2,S","6","2,S","","","","","","","","","","","","","20231206",",2,S","","","","","71.4","2,,S,06,","","","303.8","2,,,S","","","","","",""
"BP000091517","2024-01","-9.417","159.967","56.0","HONIARA, BP","26",",S","18",",S","7",",S","","","","","","","","","","","","","20240131",",,S","","","","","146.8",",,S,31,","","","542.9",",,,S","","","","","",""
"BP000091517","2024-02","-9.417","159.967","56.0","HONIARA, BP","22",",S","16",",S","1",",S","","","","","","","","","","","","","20240201",",,S","","","","","45.2",",,S,01,","","","188.7",",,,S","","","","","",""
"BP000091517","2024-03","-9.417","159.967","56.0","HONIARA, BP","16","5,S","13","5,S","3","5,S","","","","","","","","","","","","","20240311",",5,S","","","","","61.7","5,,S,11,","","","218.9","5,,,S","","","","","",""
"BP000091517","2024-05","-9.417","159.967","56.0","HONIARA, BP","15","3,S","6","3,S","1","3,S","","","","","0","5,S","26","5,S","18","5,S","","","20240520",",3,S","20240524",",5,S","","","42.7","3,,S,20,","34.5","5,S,24,","93.1","3,,,S","","","32.74","5,,,S","",""
